ZT5NTQZ6IIRUO7CP,1994-07-31,Palmer,Colwell,janiegibson@gmail.com
GP4RD2KN18Z6F6RQ,1986-10-24,Gennie,Miner,roxanne-madison53@survive.com
6CC5EKOOZXNRIDE0,1990-08-28,Launa,Cannon,chadhollenbeck0466@knee.com.so
O28LN79QFDQJ8Q81,2001-11-01,Tanner,Forte,codivaldes574@thumbzilla.com
QTSH7X6QULRHSC40,2014-11-12,Ewa,Horsley,lucrecia56@yahoo.com
IH5QDFSSXY2GJPBE,1979-01-29,Lovie,Chun,libbie897@hotmail.com
UN1UTAV762F81P5G,2017-03-13,Nathanael,Holguin,titus.beauregard9@hotmail.com
QPN81Y7A46OXKDQE,2011-04-17,Forrest,Mullen-Dooley,joline-blalock01@gmail.com
QSES33Q9CQEUV040,1971-07-12,Raguel,Wentz,elin.lessard@gmail.com
4PCYLIBHSX85Z4XR,2009-08-14,Jaimie,Schoonover,vania07@gmail.com
DVL48JVQYFRQK23H,1996-08-29,Abraham,Thatcher,fairyluciano@hotmail.com
E2JPHJJE0YJJ74EC,2005-08-07,Bette,Jaynes,carroll32@yahoo.com
J9JAASC40NVVYTVG,2012-10-29,Treena,Engel,hayley_medeiros9261@hotmail.com
YEMAQ48LLUQHEFEF,1991-05-25,Jonna,Binkley,palmer-vanmeter6@talent.com
PRUL0VQQ4QZSNFL9,2000-06-02,Nan,Shipp,laverna-chesser46006@gmail.com
LILIY6JRRXLO3LNU,1971-07-02,Katelin,Estevez,elisa_yazzie@gmail.com
JHEUOPD26BYAFJL5,1988-03-21,Ali,Christmas,karey.beale@suitable.com
SODODHY0KPX9N1BJ,2015-11-11,Hiedi,Haase,sachiko_whatley@patrol.com
PUX8QJQBUHCOBNQA,1978-04-21,Asuncion,Sikes,adeline-black@hotmail.com
D2MX4DDDBQD07ZAE,1994-06-20,Cassy,Friday,linnielunsford7@yahoo.com
DGRO8CY8DB5IC5FC,1985-02-23,Blanca,Mcmullen,windykeefer6375@yahoo.com
K99AC2MQEN3ANQLK,2002-06-22,Tamie,See,diannachin77259@yahoo.com
HNH19R74VN4J2ISJ,2022-11-15,Dean,Leon,clint4@gmail.com
3ORG87Z0IQHQIU5Z,2006-03-20,Velda,Clifton,julienne.james27@hotmail.com
L61590X6NL716PIN,2013-08-14,Burton,Carvalho,izettajeffrey14@yahoo.com
YKU32ROHZPSQISEF,2017-02-11,Domingo,Pack,wiley4@gmail.com
M7YY45G7QDP02K3I,1980-10-03,Evelia,Kearney,maurita.doughty2021@gmail.com
SH8PTE3SJ96TA29K,2006-05-27,Miquel,Scroggins,lorina.beeler22474@toolbox.ass.km
3U36ZBTBRI2FVXSQ,1999-01-02,Phebe,Lemke,savanna24@yahoo.com
QS4X1BS8GTJJNFRR,1974-10-25,Dorothy,Pappas,lynette7345@war.com
D3RT3BM8FE0YOQFN,1979-07-19,Hwa,Montez-Dupree,flavia-pridgen18018@gmail.com
0VXS4BXAL8N8QP29,1997-03-03,Cassi,Blum,jolyn-cline@cams.health.nz
PHI3BI5JJU2UTKYR,1981-01-09,Maximina,Geer,shyla.sweat3@yahoo.com
5QCC5BQ14Y9507AR,2005-12-19,Samuel,Villarreal,candra-merchant@aged.blogspot.cf
JF7NUUAO31MPA9BY,1987-09-28,Quincy,Braden,candelaria_moulton636@yahoo.com
AJQBM9C56HQYHF90,2018-12-19,Russ,Marra,kristyn_bronson@gmail.com
VQA4LV18VKSMZNGA,2012-02-26,Zelma,Palmer,shae.kenyon93@gmail.com
YK2C7OQ7KFSKGXSJ,1973-05-04,Shawnda,Ludwig,yolanda_roberson0712@diesel.com
BAZMV32AZQ9XINXY,2006-12-10,Julietta,Ennis,elmira-cronin@airlines.com
1K9QATRVFHHQ3GUP,1991-04-14,Jacelyn,Sessions,brendon_ellington17@bars.com
9TOT2JUEKN7ZCG45,1993-03-16,Dominic,Perrin,rashidahartley@yahoo.com
QVHEUT0C1B1RE3VG,1971-07-24,Cortez,Littlejohn,cammy500@britney.marnardal.no
ODOHZ51878JPNOLN,1986-10-04,Xochitl,Holman,elwandawhalen13571@yahoo.com
LIQ2EEGO6X6JEGPJ,1996-06-08,Angelyn,Fletcher,lesia-paulsen@gmail.com
2VOUQA672HQXHRU2,1999-04-19,Cherish,Marlow,dungmaynard01387@propose.com
Z8565BRNDCSHYOZA,1974-01-14,Loma,Deboer,fidelia_trudeau25@purchased.com
6INAXDV3XEM5RF9Z,2002-08-23,Diego,Leary,jacklyn_wiggins9500@gmail.com
M7I69PACNK3T3CMI,1978-02-18,Aileen,Tuttle,fernando.alfonso@issued.com
BBF0AUQG5MFC76B8,1989-09-10,Augustus,Mickens,cuc_gross17@cant.com
6SGGIGQP3DN22J4Y,2013-09-09,Edris,Tanaka,janita.ramirez@integrated.com
F7JAQDOKAPG7PBQ4,2022-10-11,Delfina,Callaghan,rosalva.kellogg98406@gmail.com
SDDT2042FTQ8G6HT,1994-02-08,Bill,Schwartz,magnolia.prieto947@gmail.com
FU0HK9K15OQC3H4I,1983-03-10,Trey,Huggins,ellsworth-cuevas79@extra.com
X0N3A42CUMQDQ8LB,1981-10-31,Caren,Cushing,aracelis287@high.insurance.aero
2SJHA8RX321AVGK5,1988-07-02,Pasty,Leatherman,ahmedcandelaria82978@gmail.com
HI9L37GRM2MCGO7X,1974-10-17,Krystal,Muir,cherry.herndon-whiteman@yahoo.com
1S4FKVNLVJY64Y17,1985-03-25,Delpha,Low,anton_sheridan-horning@week.com
8MUN6CIE3V8JV3PT,1991-02-21,Zonia,Christ,adriane_best66851@weblog.com
ZXU8D5QMG7F4ZKR7,1979-08-01,Tasha,Sterling,krissy9@gmail.com
993PKB1RIKR2CM85,2003-06-15,Fredricka,Bernier,tina_durand@coated.com
Z848989EBKZXC90B,2009-12-19,Stacy,Veal,mellisa.kane@stuff.com
H12RQHUEOMO2PFX7,2012-07-19,Chieko,Delaney,arnoldo_casanova64@painted.com
O542ED5EHPU3I132,2018-09-16,Clemente,Brink,shanon_fischer088@classified.com
M0R6403JSGGVUK6I,2011-11-11,Annabell,Dickinson,yadira_wilkinson2@yahoo.com
2FZXUZBETHC72T65,1970-07-05,Jon,Mcginnis,herb_schilling@gmail.com
6NQPLPCQ2DT1GF47,1976-06-07,Josef,Baggett,luciana_monson968@belgium.com
OBTMRTB5VLOTGST2,1972-08-09,Isobel,Lusk,lauran747@yahoo.com
GMNA2UQ8TCPQQPQ3,2000-12-23,Gena,Rowan,odell7291@choosing.com
EQ6XDTVS29YKIDLZ,2021-04-05,Dorine,Brigham,lina_chaffin5387@hotmail.com
1IKGD12RHLSPETXD,2000-08-22,Marylynn,Valentine,arvilla55@gmail.com
HY9QKLMZT609UKVN,1996-06-24,Maida,Bruner,kay-orosco8055@gmail.com
BB1YDAPZRPP82DOQ,1972-05-14,Karie,Nunez,velmakendrick53964@disable.cc.co.us
SFV5XANRG52O9NU2,2019-02-16,Hyacinth,Bonds,kris.truong95@edition.com
DZ1TUVBQ6OY0QQKX,2009-04-24,Holly,Reed,audie1968@gmail.com
V9N3I7Y2GP15UY0Y,2017-12-09,Ines,Middleton,sherrie-cody@itself.com
2SMB6QQIUIDU9NL2,1987-02-03,Mabelle,Sage,lyndonpeter1015@gmail.com
I59Q9S98J2EK3KGM,1987-03-21,Heather,Gallagher,williemae3732@prior.com
7SR9YAE2LXBFO4QB,1978-01-31,Felicidad,Keener,vernita_bolling@hotmail.com
XZZVIF28IJHM7ZIZ,1990-09-04,Harry,Saldivar,kieth-buss9@advice.ms.it
MVNINKAT2DCRFQND,1991-08-25,Marcela,Sands,calvinesposito113@gmail.com
JCCD063JMJUG2ITO,2020-05-06,Sheryl,Pence,deliacarden85@gmail.com
1IRQI85UYDZYX6QQ,1979-07-12,Silva,Goodson,marquita56@person.virtual.museum
9OCI2LOUVUV94005,1986-10-08,Margarete,Branch,joline73@yahoo.com
2L6G72RAK8K271K7,1987-12-05,Esteban,Dewey,arlie2@yahoo.com
6MKTREMZQJI7FIEC,1971-09-19,Aura,Eubanks,rosalinda.short-sparrow@wales.com
9TQNCITN2MKXBLSC,1989-12-31,Domonique,Boynton,letha.ocampo91@maternity.com
EDCTH7GUI6NSIVLU,2004-07-31,Tereasa,Haro,gregoria_hare@startup.com
G2YF63QXFG5T9GJ8,2014-12-29,Anya,Sam,wendell-gilmer0@hotmail.com
TOJY1Q769FGR3MJ6,2017-01-07,Lawanda,Schmid,sparkle_hatch44252@storm.com
96D7YY2IP8PSQR95,1986-06-24,Brett,Rosenbaum,devorah_brinkley@intl.com
AV7UH5IBP0ES65OY,1983-01-28,Afton,Carden,tyree630@cure.com
MYGPTVY61TRP0UJ9,2005-06-28,Margie,Randall,christoper1020@gmail.com
92ME6H71ZZMMBBK8,2007-04-01,Cicely,Ostrander,marilou075@gmail.com
6GRAXHQ2TZ1QKF3K,2003-07-21,Ed,Rodrigues,kristina28@plc.com
03IB4I41NUPFZVIQ,1979-12-01,Addie,Espinal,hannah44035@sudan.com.sd
JQ4C6L9L76D5NNST,2016-03-31,Winnifred,Fuqua,kiaramattox4@gmail.com
1EA7BZB7CIGQ9T0B,2003-08-04,Carter,Fisk,tasia5971@hotmail.com
XFEES37F3ZS03X3C,1985-12-26,Cora,Hair,teressa46@yahoo.com
UY60O5BN3K2EG6TY,1987-02-25,Hans,Shannon,mikel-daley@gmail.com
PF7O0MBDALMV3CKI,1980-08-22,Irmgard,Gunter,pete.calkins-villalobos6028@yahoo.com
TIMMXDD15HA9OAA0,1980-03-26,Donny,Knapp,porscherubio-gil@usa.com
VVAC9DN4HZFJJMY0,1974-01-24,Beverly,Lively,trula_street462@tobago.com
6SKQU6DVRXMTU3I9,1979-09-26,Tarsha,Almanza,elketate@yahoo.com
0RQZI0N9N1C7QQA0,2011-07-11,Minerva,Deal,mayme64@yahoo.com
ILQJKIA9GZIZQ2QP,1994-09-25,Providencia,Gandy,mohamed-brothers@admitted.com
S7V5LJ8T5CAFUY6D,2017-11-14,Harlan,Daigle,jocelyn-duran6582@gmail.com
MYHU0RAJ2DQKMQMO,1982-01-17,Lloyd,Goins,karolmccaffrey22783@tablet.com
PK7EHLQ0F8OUD0KQ,2005-12-04,Maegan,Martell,coleen-archibald@vertex.com
45KU4LPOZI5ESQMU,1983-03-07,Stanton,Beardsley,phylis027@gmail.com
AFD4NYTSQBRFVVG8,1994-12-16,Tashina,Timm,christena-okeefe@blow.com
VE0YZOCEHSMZOHAP,1983-10-14,Alla,Langston,willia_beavers@institute.com
GE8GP2PSGMQ544JX,1979-04-25,Bert,Dillard,yuriko923@gmail.com
HQQ0LBCAD8JDETFI,2008-03-02,Dalila,Templeton,hyacinthkuntz0862@hotmail.com
7OXNIPZMS3PFQPBC,2002-03-05,Lionel,Alexander,laurie32011@mechanical.com
UNBSTRMQXXKZE6MC,1992-07-21,Kourtney,Laird,elouise87589@carnival.com
TJIK5OSNRHADH84A,1979-02-12,Aurelio,Fortier,brigid0@gmail.com
PII97SE0IC2PMMTA,1979-08-06,Karena,Caldwell,shandra.plummer7594@benefit.com
YQMRLIB5RFX1Q5V1,2005-03-31,Ranae,Stidham,olliefair@educated.com
N5DZ32YD7TOQSKQQ,2007-01-16,Nichol,Ohara-Rife,delila76@hotmail.com
QHQ0M7DN3SG1QVU0,2010-03-12,Mira,Hough,chun_krauss@telecommunications.com
DCPRRK21V548QQV3,1986-12-24,Dagmar,Hopkins,emma.duffy@educational.com
KT5QAEOMTSQL20SB,2009-06-13,Viola,Perreault-Hogg,nohemi_buford21@gmail.com
6UXECEX0G8CVULQF,2018-05-26,Georgene,Canady,anglaledford96@gmail.com
080BC1H85VPFFP7M,2000-04-27,Annika,Kearns,jeanette5183@yahoo.com
PQ88NXKH0K7HZQCV,2001-02-04,Concha,Chapin,everette2@personally.com
TTD3Y1KMMJRCZHFD,1970-01-04,Andra,Wyatt,rae-barker@expansys.com
PBSCX5NMOQ4GVVCS,1986-12-20,Carissa,Smyth,shaunte.faulkner@gmail.com
UQH96U26AHCPXLKC,2006-01-14,Jenice,Munoz,calebduckett-gilbreath25@mars.edu.ar
1AYEY9N8G115TYG1,2002-10-12,Christopher,Parris,jerome.nevarez1@excellence.com
4QMTKZK1VA3T7AK5,1983-07-05,Frida,Lantz,caitlin-glynn@hotmail.com
0HP8FOJRZBJ5N3ZF,1978-07-27,Sophia,Markham,kaley1857@postage.com
QUHQD8T29EA535BD,1980-09-11,Rochel,Means,yaeko-haney5@yahoo.com
AHP437OPM5UBRLRX,1990-05-20,Apolonia,Carmichael,dominica2@publicity.info.au
83RACP9E1NCCOGHI,2019-12-09,Lona,Nowak,eusebia7329@gmail.com
341ZCYEBXQ64J41K,1971-09-16,Luci,Fellows,teradonley918@fw.com
F79GV6XH3S8ETBIS,2016-05-06,Remedios,Oliveira,olene1@gmail.com
E7EHZY3SZQBLVKKJ,1981-01-04,Reena,Cheek,shanita.cromer3@glen.com
784J3L4AAHKTDLFP,2015-09-13,Charis,Grubb,lavoniaroundtree@hotmail.com
KVJC8DJ67VA0EJYP,2010-05-26,Dominique,Rigsby,alexander51867@enquiries.izena.okinawa.jp
KTQ28JBKDNPZPK70,2021-04-06,Gita,Soper,doreatha-woo727@yahoo.com
I39TM7S5QI19M9GJ,1991-08-13,Marget,Mcmillan,shila_agnew5231@township.com
FAHAF9MODZ33OYDK,2018-12-15,Teena,Kiser,eufemia.gunther4@yahoo.com
7RGFJ6G1S8L4YVK6,2020-03-05,Harrison,Landry,percyhallman3895@web.com
5DKXBXZIDQQ7Q1QI,2018-09-21,Abe,Jacob,donette.stowers@yahoo.com
12ARL7BK41ISXCK1,1971-07-10,Leonard,Wheatley,carmon_thurston@regarding.com
QT9X04S47XRYEQES,1995-08-29,Kent,Britton,cheryle.cross165@hotmail.com
0P1V4Q09B1S8XQ0X,1998-09-30,Alida,Maloney,samella_morris60108@eau.com
KMMSUNIFVEXQO7XR,2005-12-24,Santa,Ingalls,tomasa-seely0073@gmail.com
36OXIPT2TOKVD61U,1986-07-06,Catrina,Amos,doreatha_lehmann1@gmail.com
VFDMLQ5KN6F1V73K,1993-08-09,Mellisa,Corbin,sindy4032@hotmail.com
YHA0Z7X3CQ2DZR9B,1978-02-18,Nerissa,Rosser,lino-beach@syndication.com
HQ9BQ5MTZQ20QDFO,2010-07-11,Lela,Rafferty,waltraud56@yahoo.com
XGLQ3LZSL97ZPZ25,1973-06-25,Eartha,Pagan,brandon.council@hotmail.com
5BARTY8P15H3CIHK,1972-08-22,Timmy,Partin,le.rowan257@gmail.com
437Q9JQCO3GK8QNQ,1998-11-19,Bell,Frantz,eulalia-chapman94@exception.com
PPH72QU20641FII2,2013-07-28,Marlene,Teague,woodrow_leger@similar.net.mv
ETM0K2DT2KD1ZUXA,2007-07-23,Candie,Emerson,becky.levine@hotmail.com
5RGSDTQ135AUXCTI,1990-06-17,Lilliana,Fowler,ashly72413@yahoo.com
P4GQ7UMDVHOV63L8,1993-04-10,Trina,Escamilla,stefan512@chuck.com
Q2ZLLQLQ80Y7KFPR,2012-04-19,Guillermina,Mackenzie,marybelle332@se.com
ER5MGNF9R5MGJ7C8,1992-01-09,Tabetha,Moll,awilda1@penguin.com
RL0M3VRMVTJPF7ZN,1974-07-09,Cora,Worth,arlen_corey2@gmail.com
CMGXLBDCBG7JKB30,1986-04-19,Abby,Montes,alphonse_wiles458@astrology.avoues.fr
8F6UO35DI7AIOXN5,2003-06-09,Loyd,Kaminski,chastity.wilt@ut.com
LX3JM5FX48KQLQYZ,1972-12-25,Jeri,Flynn,bruce.hardin7@songs.demon.nl
44YB9KRQP4HXCLAM,1993-12-16,Darrick,Boyles,quentin.blanchard@yahoo.com
0YINO89UJD1D5P8C,2017-09-17,Timika,Huff,verna869@differences.com
D18038CRBPU1SSNA,1982-07-13,Rebeca,Wynne-Hallman,andersonwick058@robust.com
3ACVPNOIY5K4AUR0,2013-09-22,Latina,Pagan,chanelleriggs6472@hotmail.com
V6OQO7XNNUA5953B,2011-05-11,Lurlene,Rosas,rafaela1@gmail.com
6NLEGYD48FA0A8CH,2007-10-28,Mazie,Beeson,collette310@yahoo.com
2BBU8JDZZH5K99SF,2004-07-30,Laticia,Paz,spencer-shirley5488@wing.com
RMGFIYCB1Y4C9DS0,1997-09-29,Madalene,Fahey,earl241@seeks.com
A8106VUQLARJSYR7,1988-08-14,Hildegard,Bartholomew,kristiechurch68180@assignment.com
CTKMDJBDF4EE8OCZ,2010-11-01,Trista,Grogan,antonina408@gmail.com
VK0BORQNY8845I36,1980-01-22,Thomas,Judd,jenee.dowling15@specialties.meguro.tokyo.jp
BJ0CFQ52Q45BX1J3,1987-05-29,Evelyne,Barry,shenna_brothers@yahoo.com
LEVJJ3A0BZY37MXG,1977-12-15,Yulanda,Seymore,gerdaharrison@sponsors.lima-city.at
977EE29QYDDYMXXE,1990-06-29,Jesica,Marin,sharee94@hotmail.com
7T6PLA3ZETRXNPM9,1976-01-18,Mimi,Echols,madelyn434@terrorists.kamijima.ehime.jp
P12ITMD9189QR3EJ,1971-05-10,Tobias,Oden-Martz,theresia-jeter9988@unfortunately.com
F7RI1IETVCYSKG8Q,2012-05-24,Benjamin,Arthur,kelsi_olvera@exactly.com
8NP0PY6P0QVRR35Z,2014-05-24,Rene,Cleary,sharleen-welch@athletes.inabe.mie.jp
EF1DG6PT3CLBBVO2,1994-12-02,Kathe,Blythe,vernia_trudeau@acne.com
XFS94Z1SOY46OB3G,2006-12-28,Elissa,Ginn,pansy43108@guardian.com
PVQSELI700AHDE6V,1985-06-22,Daren,Barrera,miyoko.stratton19@yahoo.com
VSAUE99TVXJCVEI0,1988-03-14,Vince,Dodds,ethan.wu77@phd.com
JQF9N4EAY3QE3UQS,2003-06-11,Renay,Joyner,shila.mcclanahan@funding.com
SE1Q9SMUV6OOMTY7,1988-05-31,Tonda,Mulkey,kallie1045@hotmail.com
AXYUUCBR4MV4RJQ5,2001-02-16,Maris,Nieves,twyla6050@gmail.com
5RJMXIBA21M8Q6JV,1999-01-25,Latrisha,Presley,donnell-wheeler@hotmail.com
IYIN6XN1T1T2EEMK,2019-08-29,Santa,Silas,stacy_branch3@fancy.com
8U4X27ZR5VOQZA73,1973-04-04,Patience,Parra,pablo08899@hotmail.com
O0UMXADOGF6A0MXJ,1988-04-03,Elinore,Rich,taihyatt@hotmail.com
VC7U5PPFMMT1AUAB,2002-11-27,Carmelina,Chestnut,merilyncronin86018@wizard.com
15KPPZEEL58QRQOM,2006-11-13,Silas,Milliken,marylou.harry@hotmail.com
2X330JSO7ON3UCV1,1975-09-01,Elvin,Conway,orville.trapp@hotmail.com
KMXPMSH439PKB5ZC,1992-12-14,Myung,Olsen,merna.holcomb2@gmail.com
0ARHUC7JE07VJD33,1985-05-15,Chantay,Crowder,maribel_childers341@last.com
YAEPSVUVC7N5H0QI,1976-03-06,Britney,Jenkins,raleigh70070@yahoo.com
QIKDPK9IFKQUDL4J,1976-06-11,Esteban,Lusk,katerine3218@yahoo.com
Y77EFXTF5F6YPNSG,1982-05-08,Cruz,Harlow,ruthannboyles@gmail.com
ALGFRRKOHOF7QXTU,1987-01-12,Carmina,Galvan,diedre-landis5@yahoo.com
TQLLP5FN4Z04QCZF,1993-03-10,Chang,Meza,karissa29@photos.com
GN367FTKSJ4M9UNM,1970-07-28,Branden,Bounds,bradleyyoon@hotmail.com
9KQ3ZBLMZUBT8O4Z,1978-04-27,Lourdes,Dix-Hassell,penny7758@yahoo.com
QGR01M4FMUHAD1Q2,1995-10-30,Camie,Badillo,joselyn_prosser236@hotmail.com
OJ44YQPTTM62MPNQ,2022-09-21,Livia,Bridges,karina9728@gmail.com
9I78VTMZLLXB7UM2,2001-03-26,Antonetta,Clevenger,olga844@gmail.com
8CLBM4YO5ME9Y8MY,2011-12-01,Karly,Wilkins,margy822@gmail.com
RFNJUFX620GKN4UX,1981-01-13,Val,Childress,samuel-ferreira@gmail.com
545QZQDYG9QIV7S2,1990-01-12,Lila,Dingle,donettalancaster@gmail.com
VO69J59KQGCT791V,1983-09-19,Kelsey,Moen,latashia_beckman8104@yahoo.com
FE89SUGHUXRLETQT,1997-10-16,Donte,Fleck,keeley-jasper8738@yahoo.com
GKO9E186QPL1ONLZ,2003-10-29,Paula,Bourque,nanette770@gmail.com
RRK2IT67RZBA2079,2009-07-05,Kami,Grice,maryellen-winkler873@hotmail.com
EZ7BL8GQ6DGXVUQX,2017-08-02,Maryrose,Masters,mozell_blythe0@sand.com
ICROIOQCHPAJKITI,2013-03-05,Antonette,Prater,deloras07770@yahoo.com
6IOVF6EJ12Z4XUUQ,1974-08-20,Debbie,Riddell-Beavers,altha-counts@hotmail.com
QV0VFIJZ1VOMZTQB,1995-09-03,Beth,Trahan,liana-aiken-windham8@posting.hanawa.fukushima.jp
2C3P1G32HDLHQFMJ,2007-11-15,Fay,Moeller,warner-vogel@recovered.com
I9U9DX8MRYVAOG12,1984-08-23,Valeri,Wadsworth,gisele.connelly90766@witness.com
BP8B9TF6HC9PIRGS,2017-09-03,Pearline,Ridenour,lyda70505@yahoo.com
VP6818L9AQRNKN1S,2022-02-03,Blondell,Kidd,candyce-gooding@hotmail.com
I0R3CQU081DABGJX,1987-08-14,Delora,Fernandes,bethann-hicks6@bite.defense.tn
HSVFDFPIFM4G2VPL,2013-07-26,Lydia,Ivory,hung000@voyeurweb.com
29BL5ZEG8NVITM3F,1979-08-20,Phebe,Heaton,trista_marler82475@joel.com
GXC71DA6KIEJ8CG3,2006-11-08,Stanley,Moe,darlene.langlois33@gmail.com
HIZ8KGKKVVGXBQ2R,1970-03-07,Elizabeth,Boles,armand_slade57@institutional.org.ac
5O6QZEASEEIKML8D,2014-12-01,Emery,Alaniz,marvin-dyson73@student.com
DVU86PHKFH9H5V0Q,1998-11-27,Yuko,Liles,dorthy.blankenship@entirely.com
Q7Y64Y61MRTZVTCP,1997-11-04,Angelo,Alonso,latonya-somers@gmail.com
IR5UPJ9KLZQLU4PX,1982-10-26,Rayford,Corral-Weldon,lien.barr79862@conferences.com
VV10GQH88X3UUESM,2012-08-19,Staci,Sturm,marya_metzler@gmail.com
0SR1UOAB8OFB1ICQ,1983-07-19,Antionette,Alfred,juliana-hawthorne@gmail.com
A6DVLKBV9MOV85X0,2002-07-23,Adela,Bingham,steffanie.mccleary52@activity.com
REPDEIRTAGO8Z1K8,1971-02-08,Phylicia,Driggers,claudine_beatty98054@gmail.com
HLC2XY4D69QXDYRJ,1984-01-15,Mertie,Tan,deliladanner002@yahoo.com
0EZIS51GQQ2T2A30,1996-12-04,Bernard,Bello,trang_haywood@hepatitis.com
KYJOTD9QR2ZQPR99,1972-09-20,Jere,Fite,sebastian64@translator.com
X4VD7454KK9G9SI4,1975-03-07,Loraine,Yarbrough,leighann_vetter@gmail.com
4K9IBQRCCDHMFSTG,1979-05-21,Armanda,Mccracken,gabriele_rodrigues71572@welcome.com
G2GPJF4V46K1Y6O6,1984-07-18,Helen,Doran,maishashaver@drinks.furubira.hokkaido.jp
N56T6YYQ5AQA8KB7,1977-11-30,Jenny,Thorp,vella-ragsdale50@forecast.eu.meteorapp.com
QTQV4BQOOGBRUV5G,2019-07-12,Lionel,Duong,vivien.koontz0@yahoo.com
QKBJSN9JHYQMAS08,1995-12-13,Kevin,Wiley,lila288@disease.com
N3QBRDVPS3QQE41U,1973-07-13,Cortney,Jorgensen,gaylordkaminski@diffs.com
J2SUPP3OEDYK7GNQ,2002-10-17,Ivonne,Huffman,vincenza4121@liberty.com
386YF6XCC26QI7LV,2014-12-17,Gene,Swisher,agueda80880@brake.com
7NQ1PRMS0L9SDNLS,2003-07-02,Shanel,Donato,julissa3655@exercise.com
7XODHL5OKQLUBP73,1998-06-01,Shawana,Downs,maple.beaulieu@yahoo.com
QDY3Q5O9E5PXCFI7,1983-01-20,Marge,Cazares,francie.hostetler@quarterly.sk.ca
F20377HZVGH1JIHZ,1983-03-10,Mauro,Weir,milford-emerson@parenting.com
LLLX30U15KYBQ6OD,2017-11-11,Yahaira,Stoddard,brandi_joe0631@yahoo.com
5DLDLT2Q5GU97Q6O,1997-11-24,Alyson,Mcmullen,melani4@hotmail.com
4LKKH384YQZQP6GJ,2015-07-06,Tonda,Frizzell,londaboucher@hotmail.com
NTJ4ILFSTA3ASZQ4,1985-06-07,Bee,Ladner,darleen666@descriptions.com
87B7ZOO98PSIOBBA,2000-10-27,Deadra,Peebles,vena85@quarters.com
JF1ZVS98339DVIA8,1988-06-15,Delia,Perez,kerri.hinson105@gmail.com
8DZGEVT95PEOGDT9,2012-06-25,Laurence,Gilman-Groce,dorrisdill2610@gmail.com
N2C03R2IQE47MFN9,1977-03-11,Eryn,Harper,dyan1@gmail.com
ZFF93YGSN3XUVBVQ,2020-02-26,Taunya,Rowell,dung_bain72518@hotmail.com
2LSSF19X5IDQY4PV,1988-07-22,Ernestine,Beaudoin,gaye_haugen2028@powerful.com
PMGUGGLX24VYYP1O,1984-03-19,Evette,Baer,eugenemckeever@closely.com
O683GEKMTHD6ZJY0,1979-12-28,Hilma,Sena,tonie.tracy@hotmail.com
XT1U5MLJJN0TUNJP,2021-04-13,Demetra,Atwell,bryceapple78@hotmail.com
H72HJSVZNP1MXQS7,2013-05-29,Floyd,Meacham,ardell.vance@yahoo.com
8RF9JVQFEYGK0ZL7,1988-07-22,Phuong,Tomlin,shellagroce@yahoo.com
TX1OAV49XB5E7HSJ,1974-05-27,Mina,Mendes,yuko128@http.sells-for-u.com
ML8DQ4DOYU0CU6UC,1972-06-30,Cierra,Bowie,filomenasprouse-farley79@yahoo.com
IJRH4M1KLFQZ1AII,1978-10-03,Jamie,Hefner,asley7@expires.com
CQO1YD9B8SB4JTNF,2019-07-17,Trula,Sandoval,birgit-malley62@budget.com
6LR8N5LR3PEZDEZX,2011-07-12,Elmo,Terry,jackson-cable@hotmail.com
6HEAIR3ZXX9QRES4,1984-09-06,Nadene,Sutton,elwanda54@singh.com
KLU9Q15AN916UJ4H,1998-10-19,Cecila,Mcgowan,rodolfo96@gmail.com
0QE6Q2OCXCE68YJA,1982-12-28,Evalyn,Corley,salvatore4@engagement.com
QRBJMQXDHXGJLOO3,2011-04-11,Marcy,Huey,cora090@hotmail.com
0XE27NASE0ND4VR2,1998-04-03,Fidelia,Mcneil,andy-bogan-shah@gmail.com
VUQ9S6XKBGQJHVL0,1980-08-18,Georgia,Angulo,valencia.hutchinson@scottish.oe.yamagata.jp
VILYZBOE2E2E6GST,2002-01-03,Donetta,Coley,maple_aldridge0669@gmail.com
VSUAQMOIOSU0V49X,1973-12-24,Milan,Orlando,latoyaheath@feel.com
2HJ7Y5GCXK2ZK9DN,2007-04-07,Joana,Swanson,many.peralta0@gmail.com
DGKONBSFQXA43UTS,2023-01-16,Kimberlee,Miley,charlesetta-caldwell9@honda.com
LQZS1PBVCFGBF7XQ,1994-02-03,Chloe,Whitlow,florencio-purdy65815@rock.com
78TEXGL1RFY9U8JT,2021-11-30,Margret,Abrams,bernarddavis@dog.flt.cloud.muni.cz
Y5JLN00CAH0P2IE7,2019-02-11,Elease,Webb,rozanne91356@yahoo.com
XLC414FQRBE7FBUN,2008-04-10,Angelia,Lister,ingerregan@prospective.info.au
OVD6PFH5ZY198GJ4,1998-01-26,Mariann,Edge,nakisha-stiles749@hotmail.com
FNYPSNDIUIZYC50U,1980-09-21,Kera,Hurtado,francie-spellman@gmail.com
8FF7OH1EE3ADGI44,1980-03-30,Vanda,Bellamy,marivel-randle57109@heroes.com
KRV3AFQCJ953RXXP,1971-03-14,Jackqueline,Kim,tammara010@hotmail.com
N21BXDEV29GYU111,1991-12-15,May,Larson,annie8@hotmail.com
4L8H61AMV857I63D,2009-09-01,Leoma,Powell,anabel_simone617@clubs.com
G3XEPPRSHPM288LF,1992-05-11,Dirk,Stonge,regenia56@laboratory.com
73L0V1VORKEYNXAE,2007-11-30,Quincy,Fong,brittney.coronado@ways.com
Z0QSAXJP7XJ5Z6X8,2010-06-06,Cleora,Lowry,ginny.hensley843@debate.com
1OOJBBMT1ELB9RLL,1992-07-15,Francisco,Hailey-Lessard,tonishavalentin22498@fisheries.dattorelay.com
3VSPR69MQNAZ4X2L,1980-11-13,Dovie,Maas,florencia.levi@yahoo.com
19MU94MJXJFUAM2N,2016-12-30,Celena,Suarez,india46215@add.com
14B5GBMXOZQ10ADK,1979-03-19,Skye,Sawyers,talitha_cloud10088@hotmail.com
HUKE909TFKCLSIA3,2005-02-02,Ema,Mast,henriette.kell@hotmail.com
TS2LPQ9PKHMS8ZU9,1988-02-29,Santa,Petrie,seema_sharpe844@buying.vlaanderen
OE3O2JPFZPX75PY5,1984-11-14,Tonda,Farrington,angella428@structured.com
C59ZFR64SS05OE19,1979-12-22,Vada,Keller,thao.loy8730@bermuda.com
XOBH9CJL7HINSIQ4,1992-07-30,Gertrude,Belt,laurenastoddard8@jj.com
BYJCQ1MTTUS8F2MF,1989-05-16,Wilbur,Carlos,klara-joy59@gmail.com
0O0OX399CGJPQIDQ,2016-10-20,Fay,Strange,chantell29597@gmail.com
57PERGEF48PM1QLX,2001-06-17,Micaela,Locke,penny3862@determine.com
8L55DECDB5Q4BGBK,1998-05-17,Barb,Wyatt,mandi_cordova43498@gmail.com
29MG2BQQTJOZDEJ2,1986-01-22,Ula,Bergstrom,aireeves84435@easy.com
H7022UPE6LTSUVAI,2021-01-12,Carri,Whipple,iraida_tellez@dominant.com
63QPTR7JK0DHCCAH,2014-04-18,Al,Marcum,romona2400@hotmail.com
8CZ8GQ3IUSTE9ZIQ,2010-02-27,Willy,Appleton,karan.carman@trusts.macys
T93I0YLYGCV22A1V,2013-12-20,Hyun,Bennett,hilario.rico910@hotmail.com
H5CDFBMPUR47FV8S,1975-06-28,Kindra,Vanwinkle,catricejameson@betting.com
RDTJERZGUDX8Y9GQ,1986-02-16,Enriqueta,Jacobson,alessandra.donnelly94@room.com
DFR1FQS30CP4FXPL,2013-04-30,Demetria,Orr,arielle.mora@mounting.com
I0D5QF96HCMZ27UD,1975-12-24,Eden,Huntley,sabina67276@relating.com
SQM07RJLPG1RTJU4,1995-10-10,Erlinda,Ladner,andres41911@it.com
F028F5CRXKD7IZE8,2001-05-19,Bernarda,Erdmann,tereasa5@collected.com
R9BBKMP7LFDZ2XQE,2016-10-10,Benito,Bolling,leena-hardison9@yahoo.com
J7DI86PXQQUQX5VP,1971-10-08,Jillian,Shields,katina.solomon-fennell908@hotmail.com
1QEMM4HFG283DM8B,2022-01-11,Lai,Jerome,franklinkoonce18421@discuss.com
QERY6IM3YFYOJDP5,2022-09-28,Arden,Judge,jacob298@hotmail.com
SIBS2Y5S3N080C5B,2019-11-30,Rasheeda,Hammons,vivanellis25@hotmail.com
YQILE0UG7O5AFAQ5,2017-04-29,Monserrate,Pike,katie_schwab812@attractions.com
DHFYK0BRAJQ0LNB3,2007-08-18,Linwood,Clanton,agustin448@gmail.com
VEQ8MFZ2EUPOIKI5,2012-12-07,Mafalda,Mcgrath,wesleytinker@yahoo.com
QM5J9M7OFU4VXYVU,2015-07-15,Hannelore,Schrader,ingeborg_langlois5063@gmail.com
33PO7NGEMJUQLDPP,1985-05-12,Dave,David,lizzie44287@yahoo.com
M6KA3FQGJB7Q3A4U,1975-03-11,Donnette,Easter,rasheeda.bloom0@yahoo.com
8B70CDEFOO5FTXQQ,2021-06-19,Jodi,Kroll,rozanne100@land.sandnessjoen.no
FOU1HETQO41DAVNN,2001-05-09,Jonie,Lau-Laflamme,vonholm@gmail.com
AK7ENIQT79UYVRCE,2014-07-06,Elisha,Doolittle,antonina_boyer@yahoo.com
GA5RV5I8G9VH7KLQ,2005-09-28,Giovanni,Numbers,latricia-caskey@hotmail.com
3PQUEVU6JS0Z7D5R,2013-05-14,Gwenda,Oreilly,elenorewillett83@tracked.cv.ua
QQGIQ91NCMOF5YUA,1983-09-03,Enda,Hennessey,zada_lundgren04903@hotmail.com
G7GEQ3CUMRQ46DYB,2021-01-23,Sasha,Corbett,edie1@yahoo.com
PB5325GXY8GPKE13,1973-04-03,Shera,Liu,stephani.vance@yahoo.com
QH03Y4QI3MUDHLGO,1997-10-20,Robena,Nix,josephina_mesa374@yahoo.com
9ZUC58VP0IO2SHVB,2013-05-08,Grant,Rosa,elba4623@finnish.tc
2IJYPK8Y2VF0SYGO,1987-06-27,Oswaldo,Dill,shameka_denson71028@revenge.com
498FOL9Y6YN3Y7QH,2018-05-28,Tyson,Speed,kendrapinkston@injuries.com
TXQ24GGO0TTQ0BDE,1983-09-01,Tiara,Fort,catherinefreeman@wr.com
DTE4MLTCE82QQP63,1991-01-24,Vivienne,Nash,georgetta_mcmillen2973@blackberry.com
VST358THQCF1UA05,2006-01-09,Estefana,Kelleher,ahmad7815@hotmail.com
8L2BNK4FM5V1Q5QN,1993-03-05,Tamesha,German,jackelyn-sloan-wilkerson5514@yahoo.com
GO8S6A00UVJ75DDH,2000-12-12,Jeanetta,Dotson,gilma-nobles19275@freeware.trentinosüdtirol.it
AP8HU8UJS8UG0V91,2016-02-21,Carmela,Narvaez,nell58@gmail.com
JM9D3XDRG69JRJYX,2006-04-11,Clora,Mosley-Blaylock,emilie4@hotmail.com
C4DJYQY0SQI0YLXD,1988-09-16,Karly,Poole,eula-epps38@node.ro.leg.br
MENC987H3FK1BB4Q,1990-11-28,Dulce,Leake,jeffholbrook4@gmail.com
AHBRNB90QX8H5R2I,2018-07-10,Dawne,Delgado,deloras91@clarity.com
C227M19O2TXPE3ZD,1982-07-24,Mirna,Derosa,jayne-chastain@noon.notteroy.no
ZCSQPOLDHX1A2OHL,1999-08-02,Hank,Kirchner,patria23@yahoo.com
E5Q7HT7LQURJZ1UA,2019-07-01,Madison,Guenther,eva71871@hotmail.com
9TILKE5QCGZLBNMZ,1985-07-10,Elda,Gray,carina9474@hotmail.com
DNCT3RO2PL7YE4D6,2014-06-05,Rachael,Carswell,leonard_lambert47748@interactive.com
6LEA9P1LUK310OQB,1974-08-23,Martin,Faulkner,carmen_krieger838@hotmail.com
2QAVQQI3X9L2YJOG,2004-02-05,Lory,Mccarthy,michele_petty86999@hotmail.com
3HDEU3RVLB15N07E,1997-09-21,Stanford,Fenwick,margeret.marr4@hotmail.com
62YS9FSYJHPZ1G7L,1998-04-05,Ailene,Hargis,destiny5076@tubes.com
MFIDOANT23K535K4,1990-07-04,Amada,Kaminski,savannahbray46188@yahoo.com
1TXSB5BBRQOX5LGR,2000-08-20,Allyn,Lombard,norbert.antoine68@gmail.com
6B7X9P2M7L0B8TQ7,1975-02-10,Charlsie,Kraft,roosevelt-dawson225@hotmail.com
5HBIAF4Z6A4GQEL1,2009-05-13,Bari,Nettles,nakesha_spooner@faqs.com
DV3Q1LASI2139YNC,1971-09-09,Isela,Stepp,harmony_mast3@parade.yamagata.nagano.jp
K65KLV692IXG8TNG,1991-09-08,Nydia,Schubert,carlene8@gmail.com
JGMAKLSFGRJLMOQQ,2018-04-29,Margert,Cordova,susannadye@yahoo.com
SXJPSMEUT2AN8YZN,1989-08-31,Gus,Bergeron,francie_snodgrass@hotmail.com
HG9DLBAGOSNOMXDM,1993-09-23,Taylor,Estevez,denisse44586@hospitals.co.tt
6YPT6EIX1TV72ATS,1978-07-29,Shaniqua,Middleton,olive-cruz51024@yahoo.com
RO71FR246HIIHF3Q,2009-02-12,Kennith,Doran,christa34@included.com
SA2KK3KQ6I6PFIK3,1994-01-30,Damien,Necaise-Mcfarlane,matilda_ha@yahoo.com
DZCTH8PV2UMU48NC,2016-04-28,Kendrick,Suarez,jaqueline2304@consist.ltd.cy
S6DSK4817NU94ZB8,1993-01-13,Wyatt,Holden,nelson-saxton@raise.com
RNAYLHZV5MJM7TDS,1980-02-14,Yuri,Barba,kandi_marlowe3516@gmail.com
QR7HVPNV1YKGXIUL,1985-04-22,Isis,Hutto,leanna-mcinnis@ambassador.com
FL26CXRMZDGHRDN5,1983-03-28,Deb,Yancey,armida_ratcliff@hotmail.com
3FIYZIEY0ZL8BP2T,1999-03-06,Hans,Larkin,sabina-desantis@yahoo.com
LJ2UJY029AD4O7KS,1993-02-17,Celina,Grooms,christiniakillian@failure.niiza.saitama.jp
GORI5U39NUXPT2KE,2014-04-26,Bart,Lewandowski,wilbert-bach93379@act.com
HHES0ZKPZZK3Y35J,1975-01-01,Rosette,Quintanilla,kit_alarcon@suite.com
XBX398BAA6IYP1X5,1991-07-06,Eulalia,Nance,dorthey.abbott@discount.com
NYVP9A4CPX206V4T,1979-01-09,Anne,Baber,carisa.burdette237@application.com
QYM8ZA6VH8YSH219,1975-10-01,Kathlyn,Broughton,belkis5@conflict.com
0UFRKN3YQ1QDKZA1,2019-12-24,Brandy,Read,mei1022@speed.com
09K8IOSREZBCM1U3,1989-10-19,Pearline,Frey,suellen-pender@gmail.com
ADF9B2DZHXTPL3QQ,1971-03-31,Loan,Hooks,florrie.owen6@loud.com
MGCVDUYVUI2ASEZA,1973-09-28,Holli,Goodman,inell5466@font.com
PZ35B9QKEZCTYHG3,2003-10-10,Dorene,Conte,katrice08561@awful.com
TN599XT9F7XNUDQP,2009-03-05,Trula,Garay,tia-mcmahon@yahoo.com
G0LUN70AC2HRRFJN,1977-01-06,Matilda,Ivy,felice.barela8336@gmail.com
LA8X28L6058I3AOM,1992-10-24,Ferne,Bettencourt,janelhancock20261@warriors.com
MKYYQCL02L5O9LD5,1995-01-29,Lashawnda,Thornton,signestorey25@miller.dental
RCJLOB87LL76NCU8,1972-05-28,Bertie,Banks,bryanna61630@accommodations.com
ZQRKYOTBD9TULI7T,2002-08-30,Jillian,Hamer,krista3@gmail.com
JLBHN41D843NYHBZ,2007-10-05,Annette,Yoon,collette599@tier.com
XX2KAKD3SQ7J9I94,1980-01-29,Keith,Salerno,ronna.crenshaw64@hotmail.com
HZZ8H2RYFNM7R0PK,1989-04-20,Jason,Brower,lera0364@gmail.com
V5TOAGY14BTYNJ33,2017-09-02,Brent,Jarvis,billi_card@cross.com
P9BLICVYKB2DHIDE,1999-11-04,Florencio,Reyes,cicely1@gmail.com
J0AJ848MSS2OA2PV,1982-07-21,Charolette,Clawson,cristen-huskey@gmail.com
8N2G82J4GBSDPRTI,1989-06-10,Hortencia,Rayford,juliearnett08@yahoo.com
ARD6SAAJKG7U1A4L,1977-01-12,Chun,Razo,sallie-batts-salter43@hotmail.com
M6FGPOT3SYNTL1KP,1977-11-18,Oralee,Page,deja.harris124@estates.com
9ELCZKXXFGE2AOQ5,1984-05-29,Chester,Fahey,coletta22@cg.com
QF12JSKMBA8U5YUB,1983-12-12,Tonette,Brogan,suanne2764@investment.shimokitayama.nara.jp
V9B61N6YDC2KR3OZ,2010-07-23,Antonia,Brito,adriana_her94@gmail.com
JAYIFMPYON3CO6UT,1974-11-04,Vita,Head,zackary76@hotmail.com
6AYO3QVEAAQ44C7R,2005-08-12,Nettie,Tyler-Marroquin,rudolf130@gmail.com
SCCUVFX8M1H0Q8AJ,2017-05-14,Damon,Flowers,wai.hawks86930@yahoo.com
RMB3VVX6O5GNPP0T,1998-07-07,Ingeborg,Pape,joanne.garmon9@hotmail.com
SLF1LSBBXSR02VLJ,2005-09-02,Rupert,Miner,rochel-hamm0@sm.com
9L9HCMI5M623600Y,1993-02-13,Ambrose,Woodcock,todd_braxton@gmail.com
CZYJS1EXYN98IQ67,2008-12-17,Cassi,Barbee,divinaleblanc341@petersburg.com
YEGQPEFOIZTIQ10M,1991-05-21,Alyssa,Mauldin,zulema294@gmail.com
HM3NZZNGLHN31ARD,1971-12-09,Thomasine,Ridley-Leal,erika55888@yahoo.com
DJ2OZMT737DJPU92,1979-05-31,Gudrun,Lilley,iraseward340@yahoo.com
DYB21LXZ49A9JAR0,1995-01-27,Caryl,Weldon,lulapoe3941@opens.com
ZQAOJ0GP0N5U12L5,1981-11-22,Virgie,Champagne,willia4922@gmail.com
J27X8QA1OC410S8X,1995-01-31,Bobette,Staggs,usha17@strongly.com
5N7QDYM58QORX5A6,1971-08-15,Louis,Ludwig,laila_cerda1@gmail.com
R2UH65SNQD3G2T29,2004-02-03,Kayleen,Guenther,juana.carranza@jeffrey.com
SND43XXCAYAYPZN3,1976-07-16,Jennifer,Bock,deangelo60@isa.com
PH06P9VIQMEEHN2O,2022-12-16,Chau,Asbury,debbra.kasper983@gmail.com
J9YBPSNSNOTP0REZ,1991-11-10,Maryrose,Mathews,shenita7@gourmet.s3.amazonaws.com
EGRRBQ8Y9VKG649X,1998-09-20,Alejandrina,Main,alliestubblefield66327@gmail.com
NFLPLMPTZGSUVRR3,1991-07-07,Alleen,Saldivar,betty06185@bluetooth.com
QTEALALYDLO1AJ62,2008-06-11,Deon,Bills,jenell352@hotmail.com
JAJYOFUC64RC9I9M,1985-11-09,Soon,Lebron,rolandecharlton@thickness.com
M5JYKZB8TGPOKOSE,2014-08-06,Rosanna,Kuhn,marg03718@improve.kv.ua
ONS9II8I1JTSOQ89,2005-01-18,Tobias,Clawson,nickolassells1111@processor.com
RRD7RG7TP0DQ51HN,1997-11-27,Allyson,Boggs,weldon01@yahoo.com
MPVAR6G4VQNFCZG6,1997-06-08,Brandon,Tavares,dierdre94788@yahoo.com
Q1UXMQ2LZDR90CHM,2021-09-24,Bee,Bowman,clairebuxton@aaa.com
IS97DL83BZDDI4BL,1981-05-12,Phillis,Rendon,pennie-mercer68879@gmail.com
LCX0QQCCU7Y3NHMU,1995-10-20,Wilbert,Bracken,margene787@gmail.com
A2R2RV7ADC86HT9Z,1999-04-16,Josephina,Olsen,rocky1251@curve.com
OCGXFLEQ2Y5PUREB,2004-11-12,Janell,Bernier,richardhowes5926@yahoo.com
VTKLJJ7N3H0S7MKA,1995-05-27,Dorthey,Saunders,somer443@desire.com
Q276XCCBIKYCI7NA,1985-01-06,Audrey,Crespo,nathanial-moten29087@yahoo.com
PVRVI30J5VUA6KE0,2019-10-19,Quinton,Maestas,heidybrim32@gmail.com
7162P5AFINE1Q7TQ,1999-07-21,Florance,Holly-Durham,katharine.land9@knife.com
O0QMD83M2NDSK92K,2022-03-14,Jacinta,Cyr-Ames,thuy7046@iraq.com
5TNGACV0P7YHEQQ7,1979-06-11,Toi,Herrick,arlinda-herrin@completely.com
1AY6Q0ZIRR26N29E,1983-11-01,Alfredo,Cowart,katherine-myles76@exception.com
7I810QEUH4SVODY2,2017-02-06,Sharron,Donato,katharine-vanburen03416@plastics.com
8KPKQRVONPJ6XFQ2,2008-09-22,Glynda,Mckeon,abbie-goldberg2296@wichita.com
YXPBZL67HB87ZJUN,1998-07-09,Gus,Burkett,ingeborgmetcalf@holy.pyatigorsk.ru
YZNSUDAG2EVJ3IXH,1974-09-04,Bree,Donovan,rebecka_kimble@save.works.aero
2F0ZZP0YGYAYCXGU,1990-12-30,Drusilla,Mclendon,wilda73@hotmail.com
ML59MO3N6O85Q6QB,2011-02-24,Belen,Mcdougal,joellen.bolden@highland.k12.mo.us
V8KOSN44J1DQ6RQ8,2021-01-13,Kaitlyn,Gage,eboni_jolley6@staying.com
6DMDNHHLEFID9DDG,1980-03-22,Lucy,Coker,efren47@equally.ginan.gifu.jp
151OE6I4Q6FQOHJ8,1992-06-15,Dexter,Jasper,lura_armijo98416@marshall.edu.sn
D9GSTH3I3YI62PR5,1977-04-05,Rolf,Maldonado,makeda-goodrich@yahoo.com
JA3B7MKR56JG2FX4,2010-05-20,Rogelio,Hoyt,caroyln29376@hotmail.com
VX3XNS1QSR0IAULB,1999-02-25,Genaro,Flournoy,rasheeda_montes69@hotmail.com
Y738PJJPQZE8425D,2006-02-04,Juliette,Kendall,randal.bloom57994@thai.com
OVGQYE9JPB58RART,1998-09-29,Adelle,Renteria,lucretia_nielsen@gmail.com
096S6O7YPM6KH68Y,2007-09-29,Mike,Newsom,coretta21614@accurate.com
Q7BQ9FJAAE3JG3Q9,1971-03-29,Yael,Jaramillo,marcelle_proctor@hotmail.com
S5P2QL3OQA56A9BF,1988-06-07,Dia,Avila,kimberely-brito@superb.com
2XTGCCQOMT0XDXJR,1999-05-06,Ninfa,Jefferies,myrtie.marcus@newport.com
BP1JT7DQ65HQJ17J,1990-05-10,Loan,Han,jimhoneycutt30@coffee.kawanehon.shizuoka.jp
BDC1FCE0U3YPQE65,1971-08-15,Enedina,Thorp,derek42@presence.com
ZXLLOMCDCOI40QRO,2017-07-19,Lena,Fife,mitzie-vue7068@sail.com
S1OXHXDAG3DZX3VR,1977-03-06,Keva,Chang,nery5193@gmail.com
3QB98P55OGGD8GJO,2008-04-30,Chelsea,Melancon,myrtie-hanna246@yahoo.com
57U8NZ7U3A5PXFGL,1976-12-07,Mirna,Frizzell,cheryll_trombley@lace.com
4UQXIAY5P94L973A,2007-04-25,Jessica,Hawley,ileen_cushman@bosnia.sumoto.hyogo.jp
94XH6V7GJLOS84YQ,1993-02-10,Omega,Cruz,kieth_gifford@yahoo.com
Q4IF6IIVK9MBEZR5,2021-06-04,Antone,Boatman,rima92@yahoo.com
HFT845TQFMBSQLC4,1977-11-01,Joel,Whitlock,eugenia7@gmail.com
IQQHKHNQQSQ1HEVK,2020-02-20,Julio,Choate,shantae084@zinc.com
02NYNE2KR5E9NQY7,1988-08-17,Brenna,Lacey,pok.conners28@gmail.com
K0ZEZ2KEK78VGEDP,1990-09-11,Jae,Poore,devora.devlin@yahoo.com
Q72QUTBA2F2O1927,2015-12-11,Paris,Whiteman,thadbivens@mumbai.com
13ANPVB28M0KSBIR,2009-05-10,Dudley,Macmillan,mafalda5@camel.com
KGUIDC6XJBC73N5H,2010-03-19,Wayne,Espinal,bernardine87517@resolutions.com
RGLPZH6N66AKF5YL,1981-07-27,Lisbeth,Pullen,asacorbett@smell.com
M3A42Q8VAKNFS6BL,1979-07-11,Margaretta,Macias,debroah-hoag@hotmail.com
ILH8TBXL8ZHC0JM5,1991-07-22,Liz,Price,patrina.irvin@boost.com
6NL5JC512DVJ6DRY,2017-01-17,Fay,Candelaria-Manuel,dawna-reiter969@hotmail.com
4N7QBMPX3Q6C7H2Z,2004-06-25,Loyd,Donley,jaquelynsingleton55@gmail.com
SQAE3UAXNOXK5NDV,1974-09-22,Jacquelyn,Chaffin,teressa32@textbooks.com
40Z4L87QE7Q1Q8VS,1989-03-30,Billy,Humphries,tanikasage5989@cambodia.com
PHU9DIHPNQHB2U7G,2022-03-20,Von,Sparks-Forrester,boris_prosser00840@yahoo.com
NOGYKL7Z342X9LNK,1979-04-01,Ngoc,Bruton,vanda466@gmail.com
YF4CRI64T0ZVXA7C,1994-06-28,Treva,Rhea,toya-augustine@lcd.com
NUPDZUC65Z5AQPUR,1973-04-13,Valene,Nunes-Alexander,darellrichie@preview.com
6PZQQ0UJBBTHVNF5,2001-06-02,Tristan,Doughty,josiahgossett04@gmail.com
I71ZDBPR0967ZM89,1987-04-16,Azucena,Hampton,maricruz70747@chicago.fuossko.no
BLVIU439I9D55Q8R,1984-01-24,Latrice,Hefner,karyn.chesser@combine.com
YM7T0MUJQ013LQUN,2015-05-29,Alta,Gentile,tandy_minter889@gmail.com
EU7JDREO792A0JNK,1988-01-12,Riva,Esquivel,shandi.sisco4@itself.com
03CPV80XRJQBTKK4,1993-09-07,Walton,Torres,boyd-marks@gmail.com
EMDTO585PMAJ6XLG,1991-03-02,Helga,Pugh,yulandaashe21199@yahoo.com
C7XVO2763NMO5VZY,2014-07-09,Hue,Kruse,jeniffercrosby-brenner067@hotmail.com
CPZDAZNKZOMA5233,1995-06-03,Hannah,Eller,jeffery_tisdale6238@gmail.com
7IFF6FNHHCIY6RVJ,2016-06-08,Deidre,Newberry,nelle-kane701@yahoo.com
HCFE9NKO4R6TNKLR,2005-12-01,Jim,Hurd,erich_mize4@turn.ariake.saga.jp
MQL7VVBDYVOV2BC2,1979-09-27,Boris,Hefner,yajaira-acosta394@trails.com
ZKEDL7X5V6VUTZEB,2017-10-23,Susan,Lockhart-Phelps,guillermo-mchugh-blaine@gmail.com
65A4080SIZEO8G4R,2012-02-11,Darren,Marks,shamikatovar@yahoo.com
I5C85CIS88XL0QGP,1987-09-20,Maddie,Maes,ashley2@imported.com
F4SYM69N41HEDBJ7,2013-08-25,Britta,Foss,millie_theriot@consistently.com
3KXE5L94KRG2RUUI,2015-08-21,Ted,Tipton,jerimarchand920@pensions.takasago.hyogo.jp
3HRNB2Q1IZ30IC1M,1993-10-22,Tayna,Seifert,bryan-yeager@gmail.com
6BU9U0M4CCZQ4JC2,1991-09-30,Randal,Rhoden,nickole.hannon@gmail.com
DSH1EQEBMYAO3FY7,2013-09-06,Dorcas,Lew,jazmin1@hotmail.com
9JJRAKL1X0RY6MZN,2007-05-17,Roseline,Durbin,tami_dahl1@gmail.com
8C38TK54PQIH2RE1,2018-05-27,Jerri,Hidalgo,hipolito7@coordination.dynalias.org
2QTTYERUNVXSQCZL,2005-09-16,Hassan,Zimmerman,jared_soileau@hotmail.com
4UCER8S14TQ790L6,1974-09-20,Russ,Vaughan,dawn_fredericks@past.com
TU3IIMAA8QGQ7V0B,2009-08-18,Kayce,Adamson,raye-heckman0260@gmail.com
0CZYQ3ZBYRO5UENQ,2022-11-22,Joy,Severson,vinnie5157@surrounding.com
LFB69RT8SJQ8DUFR,1979-04-30,Titus,Starnes,vanessa-maguire@hollywood.com
QZRQG7BTNBTNKXOU,2006-07-17,King,Provost,gertrudis86@exchange.com
AONJTC1LYTFYVXF0,1978-07-20,Dorothea,Back,thurman1894@veterans.yukuhashi.fukuoka.jp
CPSZULSQO57T0NHI,2000-12-20,Naoma,Ochoa,elfriede.cushman57501@enhancement.com
U69EY7A89XOPOSXS,1971-10-11,Lowell,Poling,carmella-giron084@kerry.com
Q0R001591DQCFPNV,1977-01-16,Gonzalo,Bolt,lavonda517@hotmail.com
Q80L9QC6EDAF24F7,1972-04-08,Tony,Keen,quintinherron@allan.com
1ZKUFBCL8OSLXX7Q,2003-09-05,Sylvia,Byers,kenyatta26713@obviously.stjordalshalsen.no
V8V4PASEB22ZDSIF,1987-12-08,Carmelia,Overton,corrinsutter425@hotmail.com
XXEQ0HP88Z06JXB8,2022-01-10,Jessi,Perea,louisechoate254@gmail.com
R4FPHGI1L67GJ8OS,1991-12-06,Roma,Stanfield,renate832@gmail.com
BNLII0TISNTABE6N,2015-04-05,Roxanne,Dowell,anthony05165@gmail.com
KDRHQQ8V0ZXQ34XE,1999-10-24,Reed,Morrill,cira_chaffin@sewing.com
CNVYAOUEO5LLDELC,1989-12-25,Stacee,Madsen,christinmcgehee54@hotmail.com
8DUQM17JLRSN12NY,2019-09-06,Kimberlee,Albright,alfred-vickers28@lid.com
QTRZ55T4QUQ8XG33,1990-02-20,Ricki,Proctor,britney_frazier@gmail.com
FPUUD8HMO7PYZRMV,1994-06-14,Zack,Ahmed,jessi-eng-barbosa6@gmail.com
F1JQKK39BDBOOFUQ,2011-04-18,Cedric,Ackerman,delores.runyan043@symposium.com
K8QO6VCN1QKQ7U2F,1976-04-20,Young,Wicks,helen-crumpton@guestbook.com
5NDTR31YR51U1QXI,2010-01-07,Karla,Hyatt,toi.klein-mcnair@gmail.com
YQU0EBNFQGBSBKUM,2013-01-20,Sara,Devine,marietta9263@operators.com
1AE9X9XJH82PBE5K,2020-11-08,Shana,Hull,signe-ordonez@hotmail.com
XI4V353F7XJ5U3ZB,2002-11-13,Sofia,Bishop,letisha-rayford98@per.com
97JEQ4FI8MA5UF7P,1977-08-21,Celestina,Spearman,tadjankowski53993@chapel.com
V01D8M3MFME77RF9,2001-05-17,Lionel,Shin,apryl-lind56990@study.com
4340QBM77F6YQTET,2014-11-11,Angelika,Spurgeon,lance-clawson@birthday.com
10OPS6N3V7XVX73G,1989-03-10,Blossom,Monson,carry74808@hotmail.com
QCX1AOBI5QH6827U,2010-07-27,Leroy,Medrano,glenda_lea41261@hotmail.com
EPD9QY4KCY2FIJEG,2009-01-05,Tiffaney,Hagan,sonja.neel105@hotmail.com
RS0Y54LJ2ARQ51E5,1974-08-12,Shandra,Esquivel,ben692@glory.com
B71PMQOF42KQJU0V,1979-11-28,Sarita,Shea,wendell6@inside.com
QG4II94RGL1NPBAY,1991-04-21,Reina,Bliss,heather4@gmail.com
YOOCF3DM7CT6OB1G,2011-04-06,Iraida,Paris,manda19389@gmail.com
MZ02GVCJQVFZBSRH,2009-04-15,Ok,Roush,seanbattle@dude.onga.fukuoka.jp
L2X1Q8U4NC2TMTAZ,2019-11-27,Deneen,Gayle,denita0066@illustrations.com
UTJQTSNY141219K0,1970-05-19,Harry,Mccutcheon,renda-addison-stephens71@break.com
HT114RE98KQI65RJ,2011-04-15,Kala,Knott,randee072@results.witd.gov.pl
U3Q4F5OF1FUIQQBQ,1997-05-04,Iluminada,Wilbanks,dillon546@crossing.express.aero
4QECARN8IA52AS7M,1988-12-07,Krishna,Dinkins,ta.beckwith5711@yahoo.com
SNJNQIJX5PQL9J2X,1981-09-29,Shonna,Cyr,emilio-mosby@informational.com
Q8DEO04M2X5G5ZY3,1970-11-20,Karry,Nabors,malisa.read@written.com
QFAH75UEQCXP1F7U,1973-05-26,Barbara,Kearney,hal-lester@chances.com
F02H2UV7SRD4QZ5O,1978-01-08,Ha,Mercer,melina_simpkins@yahoo.com
5SNSMZDXQHBABC6Q,1990-03-23,Krystin,Gallardo,keira_mayhew77409@allocation.com
BNPNHHH4CUJIREO3,2012-05-23,Kiersten,Maupin,morgan_liu@especially.com
518UQU6SM3T1FOP6,2009-04-29,Monserrate,Barham,hilaria067@yahoo.com
S3J5SRNQFTRJ5URT,1995-07-03,Justina,Whitfield,krista-russo0953@yahoo.com
PRJ6575QHQJZDRP0,2016-02-09,Hanna,Tucker,debroah6867@gmail.com
FBL65GOYD8KHPOH5,1989-05-13,Pei,Upton,dierdre-bishop656@gmail.com
93264AAQA0PKE7MX,1993-01-16,Leola,Mcknight,madie.mcclelland8@complex.umig.gov.pl
A02PXA04XT8GXUYQ,1991-02-27,Alex,Betz,dannettebratcher@yahoo.com
3QZXQ6DENLMNRJ4L,2016-09-08,Oscar,Crowell,coy.bourne326@hotmail.com
9VMGZMUEIF9D9ROH,1984-10-30,Yahaira,Gall,mabel_shuler19449@kids.kashiwazaki.niigata.jp
ZS1LT2TOELTZI9GU,1986-06-07,Benedict,Jacques,fermina.wang-harter@yahoo.com
1JFMVI46792UD5XU,2017-12-15,Agueda,Dugan,omega-corcoran263@frame.com
RLQ96OGOSCC313UK,2022-03-16,Gail,Zaragoza,arron_galbraith44@hotmail.com
6S1VRLBV192CZ8VD,2019-07-01,Ruthe,Silvia,shay.boling@dump.com
AHJ2D3O09DGRB7DI,1979-11-11,Geoffrey,Cross,marcie-colbert67878@identity.my
FPR9TKCRVRCFJALE,2014-05-18,Ayanna,Meacham,shannan4@execute.com
1KPQ8535SL74GXI8,1996-12-14,Kit,Ochs,vivian-parrish3117@deutsch.com
OZ6KQJ8T6U65FCQR,1986-02-11,Romeo,Sellers,billnovak@hotmail.com
HX7BROBN00QB2QTZ,1984-04-23,Soila,Coates-Baines,jeanene_mcdermott@istanbul.yamamoto.miyagi.jp
XBA07QV3DDD8L7RO,2022-12-23,Lucilla,Humphreys,kam-scarborough712@marijuana.com
33M1CE03AAOQT3DP,2014-01-14,Laureen,Hewitt,millielowman85760@gmail.com
13CVOPH72OI9GO6U,2021-10-01,Racquel,Salmon,shirely4597@tell.com
3BDJ0TND0PQITCV5,2001-08-17,Renay,Maples,dante-crittenden@holy.com
0CFGXZIMMSDVXJ2R,1986-08-22,Judson,Campos,sheritabattaglia31@hotmail.com
0NQDL87GKF10N2SY,1975-09-24,Cayla,Danforth,teodora1134@dod.com
XFCA1X5Z15HUK6PI,2011-02-05,Conrad,Goss,coyquick-chaney@hotmail.com
JAPXUEVB4DUMO94A,1974-04-22,Clayton,Graham,maple57@hotmail.com
E16LRJ8Y299EJ21J,1970-01-17,Pansy,Talbot,artie.barrientos@originally.com
VBOQXDD4T2DQD8L3,1971-04-12,Sena,Roderick,dyan-banda44@experiments.com
LQTHHZTI0YKXZVQP,2019-02-15,Isidra,Gustafson,carylsnyder@opened.com
GMQ2FP3B5OCFGHY7,1980-10-25,Pierre,Warden,roselia-hendon402@yahoo.com
8QQBRMJBQZJP0BIJ,1984-05-14,Astrid,Littlejohn,ivey-joe9073@hotmail.com
P7VAJ07GA4KCHHY2,2014-07-20,Rhonda,Cady,ashleyminton@yahoo.com
SHVEUI99YHBNGYJH,1980-06-30,Loyd,Downing-Irvine,christiana_bratton7@yahoo.com
UJ0DLE1A8ZSV54CJ,2000-09-09,Young,Roby-Packard,sylvie.bays5@duty.com
XXSTK24IKBB23KVN,1992-09-16,Roma,Wade-Carnahan,bernie-jewell105@rip.com
MSZRVD5PZG3QPXT0,1997-07-26,Leeanne,Sweet,kelley.mccloskey72641@yahoo.com
EZXXI9MSV370OORK,1999-03-27,Santa,Irvine,imogene433@avi.com
YXKNZC8Y7M5BJQ7J,2013-04-20,Meggan,Wick,magnolia17@ears.com
KZD3S8HX3XL66A1E,1976-06-24,Yen,Zielinski,jonas_tam-hutchings1727@hotmail.com
ELPDXXFO9FBA7AOQ,1984-04-30,Ilona,Clary,jannie72105@hotmail.com
4M2DC1RJYS38ITEV,2015-05-28,Olevia,Rinaldi-Faust,liana5865@productive.com
YYY9UV28E37GQES5,1985-05-23,Alma,Groce,lorette30@yahoo.com
AJH1JEBQHSP6Y6V7,2016-04-07,Lisha,Betz,carolynn.mosby@gmail.com
D88UB698OK2GTM8L,1991-10-02,Mickey,Sallee,felipa.inman8@incomplete.com
02NX8R97QQLHS52V,1973-05-04,Floyd,Jacobsen,anita4@yahoo.com
N2TI1D9M93PSOZHR,2008-09-10,Josephina,Clapp,darci.higdon5553@hotmail.com
Z83ATHOE40IA9LZR,1992-07-29,Gregory,Vanhorn,margaretta_scribner2@yahoo.com
LADHP448689T7FJG,2011-11-03,Yvone,Hauser,clarissa-jefferson23799@yahoo.com
GQNNNV9SX7ZCRPB9,1977-12-08,Christeen,Hook,faustino62@yahoo.com
DVPGFGK62TTMTVEC,1980-07-24,Mathilda,Fisk,edithperrin@gmail.com
P8ARRO12IJAZ1QL3,2020-01-10,Cordia,Bernal,bev_fulcher2601@hotmail.com
RVXXHPAZ2JBQR8Y8,2022-08-16,Delores,Amador,mei-houser7@variance.com
UE6MG0N93KAVQJFT,2013-05-16,Hobert,Wynn,mi37611@yahoo.com
RXJNQ96ZBUSS36MR,1995-05-19,Collette,Craig,jeffrey-alonso195@authority.online
MXK0IAVMUKU38Y90,2021-12-05,Esther,Provost,toyaharley@texts.com
1Q3G1U78LU0DJ0JL,1988-05-19,Portia,Sneed,samaramckinley1974@gmail.com
S4KMYPAIML7A3CMF,1972-02-18,Laci,Choi,cyndy-burkholder@moderate.com
XGYCMVN5QG16PIOI,2021-01-12,Burma,Leon,antonetta.chow2120@supporters.com
C255V9KDSR7LS0NP,1989-05-24,Carolynn,Hillard,alessandrabarker@yahoo.com
MYPTNO4ZBI7A1Q95,1980-03-19,Corine,Franz,antione.gallagher@distribution.com
LFY67F0OBC8ER2HH,1979-04-01,Coy,Sheehan,margene-denning@respectively.com
82SPK7SLAMXYH232,1973-02-10,Belkis,Redmond-Liddell,tamekaburnett94@service.com
AJOMQJ8O3PJ9C0GK,1972-08-30,Loise,Dykes,zulma92@yahoo.com
1AC08HTZNQT1FJYQ,1995-07-18,Ione,Carlisle,audry_shaffer@saudi.et
TVNMMZCADG94Z4QC,1999-02-06,Tabatha,Riley-Proctor,katelyn-stillman@yahoo.com
UHKV4XNEZNN9SU3U,1970-03-08,Danita,Vanover,judith9@hotmail.com
ASF0P7GPBQ3LC85D,2022-02-18,Vannessa,Lea-Melendez,josef9762@period.com
TQDRQFQVA6DLQ5V8,2021-12-28,Kellye,Blaylock,carry6000@gmail.com
4NY26ORV64TZYHIM,1989-09-26,Trinity,Halsey,martha39557@hotmail.com
Y7E720HF1NVRMAJO,1995-12-14,My,Goetz,domingo582@dome.com
ZX9IK4HA5XPGCQV3,2017-04-11,Seth,Hutchison,raelenecahill75@gmail.com
QLOQQSM93F6ABQI7,1974-01-01,Hertha,Sweeney,anya_travis99@yahoo.com
CQANF6V40GR1SZIL,2022-05-19,Daphine,Callahan,curt872@carbon.now-dns.net
Y5Q9GLT22BA097JQ,1985-12-12,Britta,Karr,hortensia2708@gmail.com
HH2CRTO6Y1V3ARLZ,1972-01-18,Mildred,Browning,jutta-compton5@yahoo.com
UZ5Q0DRE3QAKTM1D,2010-11-17,Mitchell,Sepulveda,mercy-lees@appreciated.com
YAZIEQHI588PQ2GE,2002-05-29,Graham,Olvera,fermin_bronson73@yahoo.com
XBIRIV9CK26Y2R2I,1987-10-17,Alla,Looney,emma912@gmail.com
UNIQ5SDU86CNPSCV,1978-11-25,Amiee,Hazel,ruben_gulley2@testing.com
6L88YBE7TEBAZ2ID,1991-03-27,Delana,Lake,marylouise_ashmore242@face.com
I0QD6M4YM5QQSRHE,1994-12-06,Marcelino,Mcadams,malisa.johnston89@hotmail.com
4OI6NZRM61ZIBNNF,2001-07-15,Edyth,Chandler,leonard-luciano@yahoo.com
1I4MVRHX27J9Q33Q,1997-12-19,Kizzy,Paquette,isabelnelms64729@ruth.com
3G59EOPAXCDO3CXL,2009-02-23,Babette,South,dwana_babin@spring.埼玉.jp
Y54Z01Z9FJH3NQKM,2009-03-13,Renea,Hoover,liana4@beads.com
DLI965OCHTU70HFX,1986-11-06,Simona,Bassett,danny8148@formation.parma.it
EJPBJDMC86G0CKA9,2019-08-30,Donita,Tobin,barney.grubb@fwd.com
OKTCNLG5ZKYTYBGT,2021-05-30,Virgina,Devore,randolph_irvin@york.com
407V52QOX0TIZR3D,1971-03-03,Kaye,Montes,donnie_bain@hotmail.com
QHDAVKS17C333B0Q,1981-06-27,Benton,Witte,rollandnolan5967@hotmail.com
UKDP75JPDGFPQ0U6,2012-08-27,Jesus,Pedroza,logan.sam91021@hotmail.com
3L0J59MCSSQ5EC9Q,2014-04-29,Eldora,Mcwilliams,bobbie.medrano4@ancient.com
4EJRIYKVB0Y29DQK,1992-03-23,Chelsea,Mcvey,lorelei_freeman89@yahoo.com
STO3I9J4AQSDFH77,2008-10-06,Toshiko,Barajas,deb_easter0@gmail.com
0HTREH88UYO8HGMS,1980-12-29,Amber,Silas,genovevanorton@fail.com
XUBL8GCKBEK3S5UI,2016-04-04,Ute,Mcgee,lakeisha.mack9229@diane.com
4D3QVB11FZX9X886,2008-08-01,Joette,Ashton,dulcehardaway71@yahoo.com
8X4GQ7KDQQ75ZLKN,2002-01-04,Hosea,Gates,alyshamatson0@yahoo.com
AAGGC5GJHZTBBRRQ,1972-06-23,Shanice,Prater,jospehshrader107@gmail.com
TNXXCPP69HSGVP0U,1976-08-23,Floria,Salter,cletus-nadeau67892@hotmail.com
VX3Y48PS5YCE75YS,2000-09-06,Veola,Sibley-Sage,pauletta_mcmaster9@roommate.com
1ELI0RQMXM215BSV,1987-06-21,Glynis,Fortner,pamala.spencer1@comparable.com
2NEU5QFZLGZGYAUM,1984-07-17,Cher,Landrum,janette.simone676@seq.shimabara.nagasaki.jp
4HD1JRYSTDFZ1DP3,2019-11-06,Liane,Rains,marivel2@yahoo.com
QE5Z1Y3YXIBTH8U2,2011-06-23,Lee,Shackelford,lucienne.varney2826@credit.com
04EZFQLA0C2LGFYM,2019-02-22,Rex,Gulley,bufordmonaco26@hotmail.com
UU5CQ2D3XAERMI1M,2000-09-29,Dorthea,Sisk,tu.rosas6@gmail.com
AZZL00DTAEON53X5,2017-07-19,Sheba,Roberson,colby40@patrol.tananger.no
IPUNKAL4BRRT0J51,1985-10-23,Meta,Vickery,georgiannaschreiber@gmail.com
T1YGE9PTVRLGPLU2,2015-02-01,Rebbeca,Hackney,miesha22@yahoo.com
H4SX4KB4MVKSUGC7,1993-06-16,Darleen,Mcwhorter,rozanne2809@distribution.cc.ia.us
XFM9Q9JK8T9AH6PB,1971-12-08,Frank,Hutto,kiley.reinhart96@yahoo.com
0E5H5IOBDMUX5NQA,2001-06-01,Elizbeth,Poston,pamula.steinberg3868@quarters.com
OBV93BK5CYGGEQQ9,2011-04-26,Jacquelynn,Nemeth,lottie.hickman047@gmail.com
C73UY34GT5SL830F,1995-10-09,Marguerite,Robey,alica-adamson@vi.com
Z5Q4F8LNGS7OZZEQ,2008-09-09,Karissa,Montes,tora_tabor992@hotmail.com
A0SY0VQBRMYS29A8,1996-04-25,Drucilla,Shin,rich-lacy456@gmail.com
AVUTCE1TA7EG7LX9,1993-09-05,Toi,Simon,daria.wallace96@hotmail.com
ISKXGCZ1KHEPK2CJ,2007-11-29,Neida,Barden,sharell_blaine@gmail.com
8VB19IQF2VECHM1E,1988-10-10,Jackeline,Guerin,aileen-whitman11514@hotmail.com
N49GLY83QIOJ8BEI,2019-12-17,Kimberlee,Stallworth,ursula53@yahoo.com
NVUZH8YY5ZIFALK6,1998-09-25,Emilie,Carvalho,paige53@serbia.com
787DTA1N4CJPTMPH,2021-05-18,Vince,Koonce,claribel512@yahoo.com
94DYSBCPMKZQQ2QZ,2019-10-13,Teresa,Benefield,twandaheflin@farmer.catholic
J3UG3IL6RBSP08EA,2008-08-20,Trina,Martin-Archuleta,alysha_moorman@yahoo.com
A61AK5GYD7JHLI2H,1985-08-05,Bruna,Cade,shirleyalbright74994@relatives.com
ZAJQLDMFQM421A8P,1988-12-28,Efrain,Mitchel,amal17759@gmail.com
OSBMPL2R576EYL7Y,2020-04-17,Maye,Lantz,maricruz.pruitt0702@hotmail.com
DQ1B0PXQS4TYZ1LX,1990-08-29,Waldo,Everett,rosalee.colburn@yahoo.com
MV06VHJFEQAJESVC,1986-03-05,Theresa,Fredericks,emanuel_price7@good.com
LL9E06RVDUG34JQC,2001-02-06,Librada,Kroll,branden-satterfield-hendrickson30@def.com
U53L0JGH7M1T6UG0,2018-01-07,Shonna,Brittain,carley575@annually.com
T3XBSVHIJ8X8G6O6,1997-09-02,Darcie,Grossman,lucy.pruitt@hotmail.com
NY6YZD5VV4K66NJI,2019-11-16,Ching,Miley,alonsomansfield@permalink.clothing
TOQVCKPQLC27DZKY,2006-02-07,Saundra,Salgado,ray.blakely@po.長崎.jp
2GHCET1JUSCOOURH,1988-04-02,Maye,Spear,dolly.kuykendall@scanning.com
EZBJ5IGCK0IKQ2F7,2002-04-30,Ashely,Bible,waneta_kidwell3@hotmail.com
K74QEXTOQHGQBAHZ,1979-03-02,Ja,Reardon,zackary.nakamura3@satisfy.com
UFI74OGVYTXH5KEB,1978-11-09,Robin,Mcdonnell,collin.mejia49@lay.com
DCZ1SYJMTQ2GCT7I,2012-05-09,Paulene,Proctor,carlee19946@yahoo.com
3QPIBCFDQGPXVPQ3,2015-02-06,Ja,Homer,melina094@hotmail.com
82S10ED3V6GHFIQL,1992-08-09,Chester,Baumgartner,trey73@as.biratori.hokkaido.jp
1C7LDQ2SHL3BJTNK,2016-05-30,Sherrill,Combs,ma_crockett355@hotmail.com
0OJC8B29KXTBCU0I,2015-12-05,Edra,Case,tamica1342@convention.com
TCAM9CPT64LDGVMO,1994-04-28,Janelle,Overby,gabriella-baca-poulin9@publisher.com
O29S5FZCD46GKQR7,1998-04-19,Diann,Waldrop,karimasnead8394@hdtv.com
EQXPVDUAGR5HG9BR,1978-03-08,Peggy,Waddell,robt_ashcraft@yahoo.com
6DF7V1JIICK1OX4T,1986-05-13,Jenna,Shah,donetta_hoffmann1@eliminate.com
KZGYCJAZM0EX0HHU,1983-06-18,Sharla,Martens,jeffery-navarro@hotmail.com
X1JD4YKUNZO2V6OH,1995-04-15,Jaclyn,Bartlett,lavina4@cart.com
0MB8JJBS8SHY9NTT,2010-12-11,Hope,Gleason,johnna3@uniprotkb.com
O8AZURSNQJM0SXQ3,2003-03-28,Jade,Noe,margurite93@yahoo.com
7EOIPJNJD67BBHL4,1983-02-05,Myles,Starkey,lindsy-sloan805@florist.ozu.ehime.jp
OSHMCERQAE1DC5IE,1989-06-19,Jeannette,Lilley-Dudley,kimbery_garvin81167@hotmail.com
ODCSI2UU8Y4PHPV1,1971-07-04,Sharice,Burnside,annika_daugherty9@load.com
2TLYC74PVO4E23DU,1997-08-09,Tyrone,Guenther,anamaria.barlow559@yahoo.com
8MSBJNGNII5U6CLJ,2004-04-07,Pura,Borden,arvilla_snyder8586@hotmail.com
F9UNA2JBDMQFA038,2018-12-01,Alline,Mcmillian,claire.noonan@cdt.com
QVS2BGAOTFQE9UCU,1973-06-25,Rosaria,Louis,belvaflanagan@laptop.com
JTX0NPX24ZQ2CQ2E,1976-04-25,Rolf,Mast,xiao67034@gmail.com
X0YHHR3NQHQBRQ2M,1990-08-04,Alecia,Wooley,rubie5@puppy.fukui.fukui.jp
XSKRLSRXJ784HILH,2012-04-25,Leandro,Vines,leandraslone0@convenience.firm.co
TKQ3USPH7TBNSUYE,2002-08-21,Davina,London,walter739@gmail.com
9CN0T34F8KNDC5S5,1975-12-16,Haywood,Trudeau,leo1@hotmail.com
K3IUJBTERH8C3HQ4,1972-04-01,Argentina,Winslow,emanuel_brunson15998@hotmail.com
JYQUFJB7TB2CPQ55,2022-04-10,James,Herring-Aguirre,eleonore59735@amounts.from-sc.com
FR60Q41AG2M8ELZY,1993-05-20,Teresa,Khan,delicia.carbone@brazil.skedsmo.no
GY8XXJ7QKBRZKFZA,2003-04-15,Jeanelle,Tracy,valentin8345@institutes.com
LNKDDENCTN156QXY,1982-05-10,Kristal,Fallon,fannie.glover@publications.com
T9IJEFY1QZ34ZO5J,1983-09-09,Joannie,Elkins,sonacaudill16843@fuzzy.com
ECQ0LCVKZUGZYPGO,1970-04-30,Sung,Shrader,chloe.mchugh02@gmail.com
ZR5X7972DYKR4VEO,1997-10-21,Gaylord,Rodrigue,meg0@ranked.com
4QLQIFARA1OXC5PI,1987-10-18,Perla,Foy,kizzie-herr@solved.com
Q15C778ZED9BIGFH,1987-03-18,Ollie,Cormier,evie.mendez5@poetry.com
3V6MAP2ZE3F8FVP7,2002-02-27,Fredericka,Connolly,shizuemenendez55@commentary.com
3CL9JBHL523A9MYG,2021-06-14,Sharmaine,Mccartney,janeen-lund@arcade.com
7LFQ8LQB2B4R37VV,1970-10-28,Shera,Kelley,marni.adair@gmail.com
ZZVOX5745XQB18BK,1978-08-02,Sheena,Ammons,amberly1893@hotmail.com
C77F5V5ZFQGIYEAV,1979-03-17,Vikki,Naranjo,mandipiazza@giants.com
GBRTIVQ0KN7MNPYG,1979-02-04,Esteban,Hickey,meryl.cardoza15386@hotmail.com
E3ILJZVNQJUM3FM9,2006-02-16,Almeta,Santana,tyler_koenig@hotmail.com
E6K187O1DLVHIXCT,2010-02-11,Malena,Reagan-Catalano,keliangel@gmail.com
ILR83FCYIRCCHQP2,2021-03-10,Augustus,Pollack,stephania.kemper7597@yahoo.com
GVMH8IMF1ZXXMFVC,1977-09-24,Jamison,Soileau,crysta_page7062@killing.wake.okayama.jp
Q2JP3YYB9RDV2TGH,1988-08-31,Glennie,Hendricks,beckieguyton346@obtained.com
B20VSGKE0XQSIK79,2021-09-27,Ramona,Lee,sharyn-haddad@golden.com
H2KHQF6C6ZSN28Q0,1983-02-08,Collin,Beam,amberlymorse69702@press.com
UZ4LJ1K01EB023Q7,1984-11-25,Teofila,Roth,cyril6@hotmail.com
DJIMZ64J545FGRT9,1982-04-11,Josefa,Ybarra,mervin_rudd38@hotmail.com
SZXGU0UK98QZQ4QB,1997-08-06,Miki,Brothers,tamela-hackney0178@yahoo.com
MJV53LUM3J13LT84,2014-02-04,Myrtice,Meyer,keisha994@animals.com
FUVLBJXFS1KXVMM8,1977-07-17,Terri,Bowles,toshiko-jansen50939@hotmail.com
LS80V3HM8CYJGRC3,1988-04-07,Isela,Karr,ariana.ainsworth1341@buf.com
A66EU4MVPVVMRDTM,2012-06-30,Lyndon,Frick,socorro.culbertson66172@hotmail.com
I0RHOPCDQGCI5HQ3,1976-11-19,Salley,Teague,deb4@gmail.com
O6S9IGR11IPESQUU,1983-07-03,Leanne,Ray,luetta_large@hotmail.com
CI7IQBCLJCUD7NBQ,2009-03-25,Lizette,Mayberry-Lemons,jeni-pedroza798@hotmail.com
DLYB7U42UMF3FY8D,2007-08-14,Wilhelmina,Fishman,hunter-marvin3815@gmail.com
C8VUYRCC5MMOXVFL,1974-12-02,Carmen,Lord,kieth.reuter09@yahoo.com
YZFETX1TYN281Y5J,1995-05-21,Sirena,Blodgett,rhoda46@gmail.com
LKJ2K0FMK32VNF16,1998-11-01,Valencia,Boatman-Florence,alangaddy@gmail.com
3Y90INBGD7H3AF14,2005-11-07,Pilar,Blair,gena49356@hotmail.com
52Q8Z7Y8GIZ2P9GE,2005-04-27,Mindi,Siler,brittny_schmidt-wang@false.com
J5QSC6YUEZCTSVOD,2015-08-02,Douglas,Bolt-Cranford,sophia.woody@dial.com
OU8XBZLZNATHOQIF,1978-04-24,Francisco,Cruz,stasia_payne@cb.com
9NZMJVPEIXAZLD5N,1991-08-08,Jane,Maher,gayla_welch91@yahoo.com
I0IG0ZTGCVD7QQ1B,1995-07-29,Juliet,Daly,irina-cheney1048@intimate.gov.sl
OUQ57GHQKESLDPAD,1989-08-22,Lanie,Beane,rolland8@site.com
Q9MKPGKLBJMPUD0C,1993-02-03,Barbra,Broadnax,elane9@hotmail.com
BAEXANTRCOTQC9SF,2007-05-03,Loyd,Pence,maxine_conaway@yahoo.com
QDT5S5ER4QNBKE70,1989-05-24,Nakia,Flynn-Mcleod,susie_schilling@korea.com
OQB1OL6PKHGNLXY6,1994-10-09,Jeanelle,Jarrell,lorelei5603@gmail.com
CQFMQ0YBCQUP3JDR,1974-09-04,Lory,Copley,terra70423@briefly.kiho.mie.jp
MQ16AJS2NIDD9CRG,2007-10-05,Brittny,Oliver,donyamorton@investigator.com
ALRJ00HJJ9TYSAV2,1991-01-06,Audra,Parish,helen-baylor@yahoo.com
JGCMBTC0QA3OTUFE,2004-05-03,See,Tibbs,dessiealvarez584@timber.com
8KSG6EQDHYKP31E3,1982-02-22,Jerome,Segura,nicolette-caraway29@hotmail.com
YVNU2B5DL241IBN3,2004-07-15,Anjanette,Butcher,nathaniel_leak38966@hotmail.com
Y6VV3A7XGBIZQKHQ,1976-12-27,Hertha,Ludwig,gerald62559@hartford.com
PXH0CDGJ4K77YDMQ,2009-08-26,Cierra,Thibodeau,marline.carbajal49521@contacts.com
LIMXDS66SRQ2XZXA,2005-08-11,Madonna,Wynne,ina-oconnor@yahoo.com
I41CXH4Q3D48L6Q1,1987-03-19,Chau,Crisp-Wooley,raven.rooney295@gamespot.com
MOFKAUM4QCJ419QQ,2006-11-16,Tonette,Carrera,lucile-almanza@hotmail.com
49KA45BY0RO4F4RU,2015-02-13,Corrinne,Lafferty,shirly2@sudden.com
25Z7JHTRKLE6RFI3,2002-02-04,Katia,Rubin,kimberly70@accreditation.com
169KEDOQ16VPSSAK,2001-04-07,Bonita,Mcclary,francie2704@pp.com
A5GG2VEMX9U30E6L,2006-12-25,Arnita,Grady,rachell_fishman@gmail.com
Y8FYR56LHAAT0EIF,1979-05-26,Rhiannon,Byrne,brook.merchant408@yahoo.com
RF5U5SPITHDEQLQ0,1999-08-25,Rolanda,Zaragoza,joleen16250@yahoo.com
4QBBQ0P4MLA9PUIQ,2006-04-24,Madalyn,Buss,allene.johnston@progress.com
YXRYQE2JN7NSV32C,1972-01-03,Mia,Hawes,elease-burr2640@recipient.com
FXLJP03FKC6247XZ,2002-05-23,Nieves,Mchugh,chester.baughman376@gmail.com
90HIAAGQ3I1LYOJY,1971-11-28,Grace,David,theresia.moen31412@calendar.com
0XQ11BGA2LMLVQ6Y,1990-11-12,Keiko,Gann,roma83@hotmail.com
GE2ZUQ99PAVQ2SBY,1983-11-25,Lizeth,Mcmullin,daniela.gavin@dell.com
SB4U15Y2XU06YBJ1,2007-01-31,Clarence,Knudson,joel.pina5@yahoo.com
QID89G1NYS1QGAD7,1974-03-10,Suzy,Moffett,louie765@heater.com
KGU81TQDKXTNHKCQ,2003-12-29,Donella,Caswell,dorie_tindall@taiwan.com
Z2RNHBJZ6DGVPVSJ,1981-08-08,Soon,Reich,lennie_rizzo@yahoo.com
9EASFQURC2Q85IMR,2011-09-30,Nubia,Outlaw,dwanaerwin@obviously.usa.museum
BKXF39E37YY9TA4I,1976-02-22,Maren,Farley,phylis.coughlin@hot.com
DNH6D6F8VT7L4H6B,1998-03-14,Carmela,Brandenburg,dorcas5852@watches.stage.nodeart.io
KQZEMSEFPJZUEU8X,2015-01-10,Carl,Fogle,yevette0555@moisture.com
3ZCQ5D6TMNI88UXR,2007-04-16,Augusta,Corbitt,arletha_folse-means1653@thumbzilla.com
PJS0N1MGEQ2R3B8B,1976-01-26,Joeann,Kilgore,savanna.scribner104@gmail.com
ZF42LISAC02JOF1X,2011-11-03,Elaina,Goodrich,dena7@broke.com
C49JQXOKN5T9NGP2,2010-05-17,Golda,Grant,arielle94@accepted.association.museum
1I9RBBJTZNK4RMDY,1985-02-10,Seth,Hutto,zoe_roby@ar.com
5Q5NC2L0151NLQZN,1975-10-10,Bobbye,Parnell,kenneth59@hotmail.com
E541B1YPZSTZS9F5,2009-07-06,Bobette,Bolton,margerttracey-knotts42@gmail.com
ATHQIPBG0S1Q95CP,2019-03-12,Angelyn,Banda,carolin-rodgers438@paris.com
DY98BXEXJT1Y315T,1985-08-10,Athena,Pippin,tilliebostick@still.com
0C43Y8Y6ATU9T4JF,1996-08-02,Eartha,Savage,heide-francois00@yahoo.com
RUFKSQEY0LLVZKOE,2003-04-17,Lita,Bledsoe,lorriane44223@interviews.com
CM1GNPKU2RK59UQP,1985-01-27,Coral,Cheney,kamala77357@fighter.kakegawa.shizuoka.jp
JAEBOFF8NMROAP1P,1983-05-28,Danial,Stpierre,layla.almond@sponsored.sortland.no
T7Y0MD87EIQ8C0SM,1975-08-27,Norah,Vieira,kieraclay41@belfast.com
73YYURCQL1DFD27X,2011-02-05,Mara,Demers,carmen039@deck.com
B5K9AR0MB2QZ3Z46,2021-01-04,Cammie,Ramsay,elvia-angelo923@partial.com
94QUNQ27NKKOKQYB,1995-11-09,Krista,Hyland,brandie_pilcher@hotmail.com
VGLLL383OR3ACSNN,1996-07-11,Faye,Colbert-Fontenot,michale02554@yahoo.com
GZFAFBLKM0CASN80,1993-02-20,Rhiannon,Pinckney,rosenda50476@yahoo.com
TZ9CEFM1Q2YCSJ27,2001-08-14,Demarcus,Reeve,jacqulyn.armstrong@hotmail.com
QUXQR20F9YJ4Z87I,1983-12-08,Samira,Ho-Olivas,domitila_shell9485@significant.com
P0QF4QZEUDX4XP14,2009-01-05,Freda,Paulsen,loan00@yahoo.com
1HVM63P7TOJGAR38,2013-06-17,Sherie,Borrego,tim.anders-sanders@yahoo.com
ORA20ERIVB18GKTK,1981-11-06,Aide,Belt,love12900@yahoo.com
6JGT3QLV26A4NQMG,2010-04-24,Candis,Heflin,marita66@textbooks.hotel.hu
B942GYD1AB6BRX1V,2022-11-02,Reynaldo,Pryor-Sweat,bebe652@yahoo.com
4022JY6EPQH6LEJ5,2004-12-17,Cathey,Dunne,nu32@yahoo.com
O8CCOEXEEF9UVBTN,1971-12-05,Helga,Peters,lea8@gmail.com
UIDTZY7CPQPRQVHI,2015-12-01,Helen,Larue,audrie.donald@yahoo.com
MUQ2O0F2BPQPGQ4H,1971-01-16,Leopoldo,Henry,cuc5@drugs.arida.wakayama.jp
K88L2QU6M1Q8TUVT,2012-07-27,Krysta,York,lynneobryan8@gmail.com
BUM24Q3988OPMLQP,2003-06-20,Karisa,Fleming,steve-knutson46507@yahoo.com
34Q7Z35VTV8MB02L,1981-09-29,Micha,Longo,devorah-vanhorn176@yahoo.com
46JVGGQ8ZN5K8D0X,2017-04-24,Bernadine,Holtz,nicholle9248@yahoo.com
GLUYVJFC0JAO3F1V,1995-07-03,Peggie,Thacker,darlinestillwell@yahoo.com
Q92NT15QU2CDQM2J,2004-03-10,Pamula,Hildreth,scarlett34@citations.meland.no
2QGSQXNBFLOD3M1L,1981-08-29,Jeremiah,Dozier,steven98422@usd.com
0X23SLOVEHKQMF32,2015-03-08,Saul,Prater-Hailey,jaunita_marion621@yahoo.com
MAP6C95P09S3DYZM,2007-09-21,Hannelore,Pantoja,camilla-fair29781@mandatory.com
ZIYO5UO32X7F4ZVL,2010-11-28,Billie,Jolley,mack33@treated.com
0XQQI6PNNCLSEAJF,2015-10-13,Nerissa,Jean,kimbery.mancuso01@gmail.com
HO1J77CO6Q8QUEII,2001-06-27,Jennefer,Shipp,modestaalderman@hotmail.com
Q7R0D5D2SLFKX7R0,2022-06-25,Betsey,Haight,shayna.enos695@barbara.com
21HHENLK3Y7DN8EC,2005-05-16,Junita,Arredondo,errol-harley23225@yahoo.com
IU9RVOSMJTN6QHID,1978-04-15,Krystina,Leroy,kami.collett@mainstream.com
T42JKVVLD7CSER85,2013-06-20,Garfield,Ha,grazyna_nettles3@tm.edu.ar
0GRQAXC3RGLQ6P65,2001-10-28,Katherin,Fair,delpha92716@hotmail.com
JHO061GHQLUSLUDS,2008-01-22,Lesia,Hicks-Thacker,cherise_tam6@gmail.com
YL0E8XCGLVXVLSF8,1972-01-12,Rosia,Delaney,mikel_richie6209@tracker.com
5XVN8RIEIYTBABNY,2001-11-16,Bradley,Creed-Jerome,lachelle-odell9@continuity.reggiocalabria.it
XIP4UHDI6P3CD52A,1972-06-18,Odessa,Purnell,elroy_jarrett-gurley87931@gmail.com
M91QM2QLVVAR71HK,2013-05-17,Emilie,Thibodeaux,lani.woodard@claims.hofu.yamaguchi.jp
FFLUG9P2LM82IZ02,1982-01-06,Dalila,Curry,juliette40@metro.from-mi.com
X6XG1IQ5N6QDJ1E9,1970-09-14,Edwin,Nabors,anglea-fulmer@prisoners.com
9C3GM3UBOSCXA5NJ,1978-09-19,Jonathon,Catlett,pearline.whitt@succeed.com
FAJQYA6S8EV0RQE8,1996-10-16,Kamala,Cruse,astrid-brooks8060@stages.com
VQQ4HOGLQTPICYQ9,1982-04-01,Forrest,Reedy,georgetta157@gmail.com
UP0FQSMTCIN1SQFA,1982-03-14,Ruby,Cleary-Kellum,lael_applegate0@yahoo.com
3QHQAQ9XRMESFLSH,2012-04-06,Kelly,Lockett,saran.hagen75333@gmail.com
EHKG7SIBB24N2VLI,2001-12-11,Korey,Padilla-Pham,despina5113@hotmail.com
JUODJ2L0J9Q249ZV,1988-02-12,Torrie,Ricks,kecia.quillen71@yahoo.com
DQ6RM6UK0X9D2YLO,2002-11-25,Georgianne,Dorman,magen.pace2083@luxembourg.matsudo.chiba.jp
JPPHBBTIG3CZCIGV,2019-11-06,Winona,Gist,millie38@bruce.iida.nagano.jp
Q7QHPU62L0GJ6FDZ,2009-06-14,Pierre,Olivarez,bobettewoodley93@hotmail.com
QISSRGZ0N71P15G7,2020-06-01,Nakisha,Jasso,cristy.tripp196@hotmail.com
DQ8AJ3AJXT63A9LB,2016-12-06,Mika,Kirkpatrick,margot-burt3691@gmail.com
QQ1J63VAM2P1P4Q0,1980-07-21,Debra,Talbott,dagmarrooney9@prayer.com
KA1J1XTE9XYZR5L8,2005-06-02,Mignon,Fulcher,ima-mcelroy@hotmail.com
GOKSVVQT6TQ8CJDP,2007-04-02,Jess,Braun,caradarnell98@improvements.vågsøy.no
M3YSANFURQTF2TEQ,2000-09-15,Patrina,Munn,deja-ricketts@yahoo.com
LQ0SJX8A23N5029K,1989-05-24,Shelton,Bowman,eleanor0@yahoo.com
I8ZYZ1YFI284NC2I,1971-12-09,Aretha,Majors,glen-chaves5313@gmail.com
7M6OLCNIXSH0S78Y,1974-07-29,Sylvester,Kersey,ronnie_roden@gmail.com
TEQ84UGQAIEM0M91,1984-08-14,Ingrid,Barger,angila_mccoy8125@pull.dyndns1.de
L2OSUQ7QE1JDXSXO,1987-11-29,Daina,Garrett,lynwood-hickson175@hotmail.com
486JCF2RK5EQC8KV,1977-09-19,Karla,Beal,shawnna89@kate.com
RIGZ6ZIYQNU5ZX05,2007-01-28,Augustine,Hamm,cecilydunne@gmail.com
KB5ET0CECLKMVHEQ,2020-06-09,Jonah,Randle,lovie-chandler58@cricket.ap-south-1.elasticbeanstalk.com
6DGBF02OUTSCVB87,1992-03-24,Francesca,Allison,christie_canales@flu.us-west-1.elasticbeanstalk.com
3I2GLYR7D2D49ROL,1986-03-15,Keenan,Rojas,rosaliaheck69@bus.com
VCUUX5Z5Q1G7QZC1,1984-05-07,Alyssa,Pinto,micki902@yahoo.com
ZISJ71TVEB77PDJF,1984-01-04,Hallie,Harrington,sharie_saucier@grill.com
F7SQQYPAM0ZCS68E,1993-12-24,Johnette,Orr,kayce-mead666@dad.com
9L4GE7UFD4YPXQK3,1990-11-23,Irene,Hawthorne,evelynmackey2@hotmail.com
LZNID60QU3YTONDI,1981-09-09,Nestor,Newby,joetta.loera@outdoors.com
9Z5TYLN4AIEGEUVY,2017-09-19,Eugenie,Oshea,albertina54@leads.com
MD4HAMXOQMNX7OVI,2014-05-06,Brandy,Haro,lana_obrien483@yahoo.com
N9Y3HKL49SHF0I1D,1971-12-13,Summer,Pyle,lizzie268@hotmail.com
MSIHZF3F8FZQMFN4,1997-03-13,Jacob,Carrico,leonel_florez@yahoo.com
RICEUO31TP29TG02,2009-05-28,Gus,Derrick,hue-crane9@mixing.com
N4ZJVOFDEL042B3C,1995-12-05,Chang,Piazza,reva-yancey20066@hotmail.com
956750ICJGJ9UNHB,2017-08-09,Stephanie,Anaya,hattie21@hotmail.com
7H3SHXXJHNM86H8X,1972-01-18,Delia,Frey,shauna-hardin53@hotmail.com
TVPGY29796I55H9J,1976-09-24,Lilian,Pugh,bobbye.brent8279@gmail.com
538BEELBL6B685IQ,1985-08-12,Regina,Mcdougall,zofia_packard56824@yahoo.com
1QKZ2JNTOH8A26FL,2006-01-27,Booker,Monaghan,janay80008@hotmail.com
Q4AOQUXUAUBGTID9,1994-12-13,Loni,Cantu,jeana_kinder1@hotmail.com
BI131J6NB27HL5UJ,1976-10-15,Keiko,Hargrove,roselia152@gmail.com
7ZK3R7P04OJ9PNJ2,1997-09-10,Kazuko,Womack,mavis311@yahoo.com
S9B82TEZGUTQH143,1988-11-07,Harry,Ellis,rutha-vinson40801@mae.com
UPBSASDLPQOLMFVI,2004-01-21,Cinthia,Bartels,tasia_whitfield@will.vågsøy.no
DKPHSXZ00HN6JRDX,2009-07-18,Tamisha,Howes,cleotilde_abrams@attractive.com
A767RP5S43NDJFZ8,1972-11-10,Marisha,Dudley,dorris_lawhorn67@betty.natal.br
N3QQRJMJJQAURNQX,1971-10-21,Faviola,Crowley,angelinacosgrove90550@supervisor.com
D6HAONBVE3SVFKZ7,1974-10-20,Isobel,Ritter,tericamilton@yahoo.com
QS861Z3BAS595GL7,2000-08-19,Daria,Esparza,mirella-saavedra8902@hotmail.com
O22S85XI2AI43K8C,1972-07-25,Lela,Gaston,bert278@marshall.com
9IV9V42S6AVK8J80,1977-05-30,Marx,Bassett,dyanfrazier@slave.com
JAOFC81FH7F1F4SZ,1979-04-08,Mark,Shepard,weldon.pepper@sans.name.ng
9X1ZJ2HAEPK9DEAC,1980-04-20,Asa,Vanhoose,raquel8@nat.yugawa.fukushima.jp
4PNUNNLNS9TGOR9N,2007-06-12,Tuyet,Wong,vicente.bernal4@naples.zgorzelec.pl
GTQ53F6JUS1YQ2RQ,2007-05-26,Mohamed,Dix,lane.soto@hotmail.com
KJNOPAU927CUS6OL,1985-09-16,Leola,Lemke,leeannepounds350@yahoo.com
XBSQP0FU5BJXSHKF,1983-01-18,Sanda,Benge,thi6215@bottles.com
XNO0A0PVUOVO42Z8,2011-09-14,Krystin,Tafoya,hermine-bright@combining.com
UK9BL1PALT08FB2L,1996-07-18,Gil,Gainey,shawanda-alley18@gmail.com
YSJI67QYROV1UPEA,1981-05-06,Deandre,Huntley,katherin.sweeney72515@bookings.vikna.no
GLM9GZOJG2K4IZXD,1970-03-29,Ila,Mayes,racheal-stevenson520@subscription.com
1CYNHE8620G3KQO4,1992-07-01,Marcelino,Kiser,hettiemaness@populations.com
6XOX7JCEYYQE55II,1998-10-26,Karissa,Kaiser,otto9057@saver.com
20M17Q0R3MS6LC9R,1998-06-14,Donette,Johnston,earlecosby@gmail.com
ZYQ5E096819QSVG5,2008-12-07,Ralph,Braden,terri16@gmail.com
1GEPC4NL90RED3EB,1999-12-27,Kortney,Penrod,inge.hankins66@slightly.com
EMQE9MY1QNHAAZSX,1975-10-30,Cheree,Horner,nadene_levin@yahoo.com
ICMNZJJ2Y9HRVOUG,2008-01-02,Terrence,Pimentel,valarie.settles0155@hotmail.com
F1QT9626ZK8SS3T0,2008-08-15,Macie,Mckay,loreen-bard-hurley@opposed.com
6EIE0K4NPQK7XGP8,1978-04-07,Mathew,Jeffery,cristie745@gmail.com
T0BJ3JOQETGYKM9M,1977-10-31,Jeane,Vega,emogenecason51392@gmail.com
IQPFQ0YETYY1NDUJ,1994-09-27,Valarie,Sherrill,georgiadabbs@concentrate.com
85KOLIPSSNMGRZIJ,1980-06-11,Catherine,Roberge,cecille_dupre@gmail.com
LQ7BVAEZZJ4BVFPZ,2006-11-23,Marlene,Blocker,malvina73@purple.com
Y66RZVGFJ3ND3QYG,2000-11-06,Agnus,Brazil,lashawnda24@phones.com
0ZQGZZUMQC9MHQPY,1997-03-07,Edna,Brink,shizuko_bray9693@yahoo.com
T3EA5NKNSM9A11DF,1975-12-31,Twyla,Agnew,lashawna63@patricia.okinawa.okinawa.jp
87XQKJ5J3R7AM0BT,1991-09-11,Nedra,Barber,bibi-marino@gmail.com
KI2OY0XULTJJQ6OY,1992-08-10,Raymond,Braswell,jennette.casey-jordan47634@og.com
73Y9TV4LPYN9NYI1,2004-10-25,Rubye,Mulligan,hollimosier9338@forgotten.com
Q77D893TTLFLSGJ3,2000-03-04,Demetrice,Baumgartner,leatha-mcdougall@yahoo.com
G5UHFQC88R4YRKV8,2000-03-08,Anette,Griffis,zackary0076@hotmail.com
E9VPGXFUDFHK1IJE,2000-08-06,Aura,Hardison,leo5@gross.com
GMIXPPONHVDFT5Y9,2015-04-16,Lane,Hammett,mercedes99@yahoo.com
NFLIOCMHI2U7TSZQ,2000-12-17,Lucina,Bridges,viola.madigan069@corruption.com
4RSDYLOF1D278QJQ,2016-07-29,Else,Wing,vella.edward-card66747@yahoo.com
SFG0N4G9OFTVQ3Z1,2020-04-10,Dona,Sena,carmon.skeen58486@reggae.com
HISG3L5IY35B6G4I,2000-11-17,Charisse,Zimmer,shirly6371@johnson.luzern.museum
MNVKDEXLA2B3H2JQ,1985-05-24,Mozella,Nielson,chanda5@yahoo.com
ZQ776IDU228GFRVI,1993-03-21,Emmy,Eastman,lue-donovan7473@hotmail.com
TIMVKHXJ7Z3O63HO,2006-12-24,Laila,Kennedy,missy155@hotmail.com
Q49M42KFGLPT3IIT,1976-01-12,Jeannie,Massey,kenny.duckett@inspector.sologne.museum
4N29AKQYGZ5910BP,1991-02-06,Sarah,Huynh,krysten_renfro3417@addiction.com
0M95YQ4IZB827BBQ,2003-07-26,Digna,Corley,charlotte_keefe4@hotmail.com
ZLV0OFBYII46HMDV,2009-06-13,Sophie,Ashe,ismael6@hotmail.com
QZ1QLH2L7GIUJ03N,1975-04-06,Racheal,Sanborn,jan93@engage.com
YBVIL74QDTD6VFXX,2015-12-07,Glory,Valadez,ivy381@gmail.com
IQQ54UZS1US0XC1Z,2019-11-12,Ethan,Childs,erichbroadnax9228@yahoo.com
Q1MO0HXNJVMTU1LI,1987-10-06,Melodee,Baskin,felicidad30366@gmail.com
I2OHP70F3UZYQ0G8,1996-11-12,Linnie,Osteen,russ_vaughn83327@priority.com
OFTXRBLQ4S1VNCNU,2021-02-09,Era,Lau,lashawn_hamblin9@yahoo.com
ZNOXQX8PRG5595NL,1993-03-14,Dante,Michaud,ethelene7@wear.com
ZDP5FK03MLHMIQLG,1991-06-23,Andra,Southard,arianne71109@hotmail.com
98R780GXX7AJERZB,2011-10-04,Elina,Addison,yun_arellano337@ft.com
R3QLG4CVP5ODN68T,2006-01-20,Glennie,Woodall,lakeshamorris76995@gmail.com
UAQ2QZJQHZQUMCZH,1988-08-28,Annice,Araujo,youlanda.poindexter@elected.com
R9BMSIUFFXQDIXBM,1971-09-05,Margarette,Carbajal,hellencamarillo@hotmail.com
72H6P6R52GFM9J9X,2022-07-12,Colleen,Munger,iva5@context.com
5OYUMKT7AGU4HFQE,1978-11-15,Deedee,Branham,meggan-kaufman401@rl.com
1O3Y8QOK8UTGH8XZ,2008-11-23,Elfrieda,Stover,erinn529@facilities.com
HNN3CVPNGI0A03QK,1985-10-21,Cindie,Gilmer,jannette22@hotmail.com
XLQUQOT18R2CIAIP,2001-09-28,Toshiko,Head,ellamae-velasco@hotmail.com
UZOM5TQCMDTKS3JN,1988-02-17,Yolanda,Keane,shin9@core.com
QCQ6VXQYDP3BHZQA,1997-08-22,Angeles,Chisholm,horacecorral@automobile.com
ULII5JQM734IAAU1,1974-09-07,Sherron,Zepeda,elsamcbride@jesse.com
YEFN5GDZF0Y6F0D4,2017-01-04,Allyson,Hollenbeck,love.elam@gmail.com
2MQ6NE2QNBBHIXT8,1971-07-13,Elna,Bratcher,gregoryrhoads47@brain.net.ac
8PJBZON0MMAQN330,1992-11-29,Harriet,Keel-Will,geraldo_lemay5755@yahoo.com
LNMNYX2V43OQN5Q5,2019-11-13,Andree,Hauser,bianca.good20@yahoo.com
F036SOULJ7TEGQ1O,2000-09-15,Donnell,Mcgee,chasity_burgos@yahoo.com
YRVQGSSEZ0O4RNG2,1981-03-05,Jason,Esposito,skyerogers558@gui.com
AV4JAELJBGLYO7AF,1990-07-28,Verda,Myrick,windy_urban@timely.com
ITZEBX1ALEGVC36T,2004-09-17,Carina,Brothers-Pearl,iluminadaleavitt@root.com
2BEKNGK51S3M2669,2017-10-03,Bernadette,Robison,nicolas.leach1876@knowledgestorm.com.sd
GQQ4BQC0CTKZ615L,1979-06-15,Yoko,Ridgeway,marlen.frazer4@operators.com
NRFQ2MNA3EQZ5R7M,1989-02-15,Sulema,Coronado,maria.elder48801@counties.com
YAYOLXSFYRBYQT6Q,2004-02-02,Winifred,Andres,jodie_buss8712@hazardous.com
D3CQLHJ6YBPUTGDJ,2022-07-22,Piedad,Neill,shizue_harden88157@inspiration.com
H9RCNQK95PYO72OM,1978-07-13,Theressa,Miller,maraforman@hotmail.com
BA0C2R8Q90V7OIXC,1989-01-22,Rosalie,Duong,maranda389@yahoo.com
ZAIU3NZP0NLEQ7R7,2000-10-02,Mendy,Heath,azzie-bullock@mods.com
3S5U1D9DRI6D5E5T,1995-06-23,Dotty,Regalado,alisonmcdade@gmail.com
ENJ9DH9Z9IBQZX0V,1987-08-27,Elnora,Toliver,moshe613@phys.com
F4746J13Q4X0S1OI,2000-09-02,Oneida,Hoke,shanna.mata@gmail.com
MQRRNAZFIIHF6IP2,1984-03-10,Nan,Tierney,jason.blakely@jokes.com
XQQ9V05D5AKC4QQH,1992-05-12,Rana,Billups,felisha-bonds@yahoo.com
TZ7L16KKN1VTGK0V,1989-09-27,Queen,Craig,aretha-keyes67@demand.com
H8XA6KEL185OGN57,2005-06-27,Tiffani,Tan,ervin251@friday.com
